"Name","Extension","Size","LastWriteTime","FullName"
"$RX97ERO.run",".run","4454353277","2024-02-28T19:51:15.0000000-06:00","D:\$RECYCLE.BIN\S-1-5-21-741873480-958676864-519521001-1001\$RX97ERO.run"
"$RAR8AW8.sh",".sh","85771392","2026-01-15T00:32:03.0727871-06:00","D:\$RECYCLE.BIN\S-1-5-21-741873480-958676864-519521001-1001\$RAR8AW8.sh"
"$RELBSYV.exe",".exe","64726505","2026-01-15T14:59:42.1781399-06:00","D:\$RECYCLE.BIN\S-1-5-21-741873480-958676864-519521001-1001\$RELBSYV.exe"
"$RBTJ3HX.zip",".zip","18887546","2026-01-13T00:50:11.0000000-06:00","D:\$RECYCLE.BIN\S-1-5-21-741873480-958676864-519521001-1001\$RBTJ3HX.zip"
"$RQTYUDP.exe",".exe","7560544","2026-01-15T19:15:05.0000000-06:00","D:\$RECYCLE.BIN\S-1-5-21-741873480-958676864-519521001-1001\$RQTYUDP.exe"
"$ROFJGVH","","7560544","2026-01-15T19:15:05.0000000-06:00","D:\$RECYCLE.BIN\S-1-5-21-741873480-958676864-519521001-1001\$ROFJGVH"
"$RVDMJQS","","7462280","2026-01-15T14:18:26.0000000-06:00","D:\$RECYCLE.BIN\S-1-5-21-741873480-958676864-519521001-1001\$RVDMJQS"
"$RN0X1AQ","","4383864","2026-01-13T02:52:40.8975661-06:00","D:\$RECYCLE.BIN\S-1-5-21-741873480-958676864-519521001-1001\$RN0X1AQ"
"$R8FSFZC.pdb",".pdb","1413120","2026-01-23T23:04:35.1245166-06:00","D:\$RECYCLE.BIN\S-1-5-21-741873480-958676864-519521001-1001\$R8FSFZC.pdb"
"$RRERWXX.json",".json","248268","2026-01-15T22:25:29.1218261-06:00","D:\$RECYCLE.BIN\S-1-5-21-741873480-958676864-519521001-1001\$RRERWXX.json"
"$RZZD9TW.lock",".lock","174138","2026-01-23T11:39:49.8270681-06:00","D:\$RECYCLE.BIN\S-1-5-21-741873480-958676864-519521001-1001\$RZZD9TW.lock"
"$R195Q4A.lock",".lock","126181","2026-01-16T18:47:13.6323719-06:00","D:\$RECYCLE.BIN\S-1-5-21-741873480-958676864-519521001-1001\$R195Q4A.lock"
"$RCG7OP3.ps1",".ps1","97723","2026-01-24T00:10:12.4023972-06:00","D:\$RECYCLE.BIN\S-1-5-21-741873480-958676864-519521001-1001\$RCG7OP3.ps1"
"$RUSG1XN.ps1",".ps1","78915","2026-01-24T00:14:55.3581989-06:00","D:\$RECYCLE.BIN\S-1-5-21-741873480-958676864-519521001-1001\$RUSG1XN.ps1"
"$RS0T37X.ps1",".ps1","71307","2026-01-15T16:05:36.4477699-06:00","D:\$RECYCLE.BIN\S-1-5-21-741873480-958676864-519521001-1001\$RS0T37X.ps1"
"$RD55J13.json",".json","67592","2026-01-15T22:52:14.8932160-06:00","D:\$RECYCLE.BIN\S-1-5-21-741873480-958676864-519521001-1001\$RD55J13.json"
"$RHWEDSR.rs",".rs","60716","2026-01-16T02:45:35.8595069-06:00","D:\$RECYCLE.BIN\S-1-5-21-741873480-958676864-519521001-1001\$RHWEDSR.rs"
"$RGJOY7R.md",".md","44111","2026-01-23T11:39:49.3398203-06:00","D:\$RECYCLE.BIN\S-1-5-21-741873480-958676864-519521001-1001\$RGJOY7R.md"
"$RDZ721B.rs",".rs","34548","2026-01-13T02:52:40.4695665-06:00","D:\$RECYCLE.BIN\S-1-5-21-741873480-958676864-519521001-1001\$RDZ721B.rs"
"$RZDL85R.json",".json","34419","2026-01-15T23:23:55.9003474-06:00","D:\$RECYCLE.BIN\S-1-5-21-741873480-958676864-519521001-1001\$RZDL85R.json"
"$RDG7365.py",".py","27122","2026-01-23T11:39:49.6862214-06:00","D:\$RECYCLE.BIN\S-1-5-21-741873480-958676864-519521001-1001\$RDG7365.py"
"$RVT4H6I.ps1",".ps1","22361","2026-01-15T16:56:33.2702335-06:00","D:\$RECYCLE.BIN\S-1-5-21-741873480-958676864-519521001-1001\$RVT4H6I.ps1"
"$RGURKQQ.ps1",".ps1","20495","2026-01-16T01:50:24.8149290-06:00","D:\$RECYCLE.BIN\S-1-5-21-741873480-958676864-519521001-1001\$RGURKQQ.ps1"
"$RRZ4DS0.ps1",".ps1","20204","2026-01-16T07:36:33.9623880-06:00","D:\$RECYCLE.BIN\S-1-5-21-741873480-958676864-519521001-1001\$RRZ4DS0.ps1"
"$ROEFXDQ.chpl",".chpl","20092","2026-01-18T05:13:04.4437033-06:00","D:\$RECYCLE.BIN\S-1-5-21-741873480-958676864-519521001-1001\$ROEFXDQ.chpl"
"$RNG10VE.ps1",".ps1","20077","2026-01-16T07:33:42.3464837-06:00","D:\$RECYCLE.BIN\S-1-5-21-741873480-958676864-519521001-1001\$RNG10VE.ps1"
"$R2IHHGC.md",".md","19371","2026-01-23T11:39:49.3358095-06:00","D:\$RECYCLE.BIN\S-1-5-21-741873480-958676864-519521001-1001\$R2IHHGC.md"
"$RTZZ3K0.ps1",".ps1","18961","2026-01-23T19:42:15.8624902-06:00","D:\$RECYCLE.BIN\S-1-5-21-741873480-958676864-519521001-1001\$RTZZ3K0.ps1"
"$RQM5BO5.md",".md","18505","2026-01-23T11:39:49.3342509-06:00","D:\$RECYCLE.BIN\S-1-5-21-741873480-958676864-519521001-1001\$RQM5BO5.md"
"$ROIBVMN.py",".py","18319","2026-01-17T00:40:16.3206656-06:00","D:\$RECYCLE.BIN\S-1-5-21-741873480-958676864-519521001-1001\$ROIBVMN.py"
"$RL8AES8.py",".py","18319","2026-01-13T02:52:40.9050539-06:00","D:\$RECYCLE.BIN\S-1-5-21-741873480-958676864-519521001-1001\$RL8AES8.py"
"$R6YBMDK.ps1",".ps1","17671","2026-01-15T22:55:09.1608574-06:00","D:\$RECYCLE.BIN\S-1-5-21-741873480-958676864-519521001-1001\$R6YBMDK.ps1"
"$R8RFQPF.html",".html","17425","2026-01-14T23:19:27.3377392-06:00","D:\$RECYCLE.BIN\S-1-5-21-741873480-958676864-519521001-1001\$R8RFQPF.html"
"$R1BFCEH.ps1",".ps1","17402","2026-01-15T22:25:18.7126309-06:00","D:\$RECYCLE.BIN\S-1-5-21-741873480-958676864-519521001-1001\$R1BFCEH.ps1"
"$R0E8UTY.ps1",".ps1","16214","2026-01-15T17:16:18.0885004-06:00","D:\$RECYCLE.BIN\S-1-5-21-741873480-958676864-519521001-1001\$R0E8UTY.ps1"
"$RBY07ON.md",".md","15914","2026-01-24T00:04:36.2083149-06:00","D:\$RECYCLE.BIN\S-1-5-21-741873480-958676864-519521001-1001\$RBY07ON.md"
"$RQH42WK.md",".md","15719","2026-01-24T00:02:55.7929190-06:00","D:\$RECYCLE.BIN\S-1-5-21-741873480-958676864-519521001-1001\$RQH42WK.md"
"$RAG0YHP.md",".md","15564","2026-01-16T02:45:24.4921130-06:00","D:\$RECYCLE.BIN\S-1-5-21-741873480-958676864-519521001-1001\$RAG0YHP.md"
"$RFJ3CQL.py",".py","15190","2026-01-23T11:39:49.8280581-06:00","D:\$RECYCLE.BIN\S-1-5-21-741873480-958676864-519521001-1001\$RFJ3CQL.py"
"$RH6V6YZ.ps1",".ps1","15107","2026-01-16T07:33:42.3464837-06:00","D:\$RECYCLE.BIN\S-1-5-21-741873480-958676864-519521001-1001\$RH6V6YZ.ps1"
"$RD4TLRR.py",".py","14882","2026-01-23T11:39:49.6832221-06:00","D:\$RECYCLE.BIN\S-1-5-21-741873480-958676864-519521001-1001\$RD4TLRR.py"
"$RORHH14.txt",".txt","14841","2026-01-18T09:21:15.8800372-06:00","D:\$RECYCLE.BIN\S-1-5-21-741873480-958676864-519521001-1001\$RORHH14.txt"
"$RMFGTW3.py",".py","14815","2026-01-23T20:12:20.6125169-06:00","D:\$RECYCLE.BIN\S-1-5-21-741873480-958676864-519521001-1001\$RMFGTW3.py"
"$RA6M4ZQ.ps1",".ps1","14296","2026-01-24T00:40:43.1468919-06:00","D:\$RECYCLE.BIN\S-1-5-21-741873480-958676864-519521001-1001\$RA6M4ZQ.ps1"
"$RB6QAJC.py",".py","14231","2026-01-23T22:15:32.1627048-06:00","D:\$RECYCLE.BIN\S-1-5-21-741873480-958676864-519521001-1001\$RB6QAJC.py"
"$RKHNR3W.ps1",".ps1","13798","2026-01-15T19:29:55.8754962-06:00","D:\$RECYCLE.BIN\S-1-5-21-741873480-958676864-519521001-1001\$RKHNR3W.ps1"
"$RHBEGZN.ps1",".ps1","13625","2026-01-15T22:28:38.1338639-06:00","D:\$RECYCLE.BIN\S-1-5-21-741873480-958676864-519521001-1001\$RHBEGZN.ps1"
"$RUGH02K.py",".py","13589","2026-01-23T20:10:33.7329133-06:00","D:\$RECYCLE.BIN\S-1-5-21-741873480-958676864-519521001-1001\$RUGH02K.py"
"$RRY67CL.py",".py","13411","2026-01-13T02:52:40.9098303-06:00","D:\$RECYCLE.BIN\S-1-5-21-741873480-958676864-519521001-1001\$RRY67CL.py"
"$RSPU3YU.py",".py","13411","2026-01-17T00:40:16.3233157-06:00","D:\$RECYCLE.BIN\S-1-5-21-741873480-958676864-519521001-1001\$RSPU3YU.py"
"$RAC9DA4.backup",".backup","13362","2026-01-15T22:36:20.0426124-06:00","D:\$RECYCLE.BIN\S-1-5-21-741873480-958676864-519521001-1001\$RAC9DA4.backup"
"$R1JB5HU.py",".py","13156","2026-01-16T05:54:29.1829762-06:00","D:\$RECYCLE.BIN\S-1-5-21-741873480-958676864-519521001-1001\$R1JB5HU.py"
"$RPLNSHO.ps1",".ps1","13114","2026-01-15T19:29:55.8426264-06:00","D:\$RECYCLE.BIN\S-1-5-21-741873480-958676864-519521001-1001\$RPLNSHO.ps1"
"$RMGGOYI.md",".md","13068","2026-01-23T11:39:49.8201825-06:00","D:\$RECYCLE.BIN\S-1-5-21-741873480-958676864-519521001-1001\$RMGGOYI.md"
"$RP4690V.ps1",".ps1","13049","2026-01-15T22:51:36.6129005-06:00","D:\$RECYCLE.BIN\S-1-5-21-741873480-958676864-519521001-1001\$RP4690V.ps1"
"$RXPNCTH.py",".py","12985","2026-01-23T20:12:47.1925653-06:00","D:\$RECYCLE.BIN\S-1-5-21-741873480-958676864-519521001-1001\$RXPNCTH.py"
"$RAUPM1P.py",".py","12838","2026-01-23T11:39:49.8208119-06:00","D:\$RECYCLE.BIN\S-1-5-21-741873480-958676864-519521001-1001\$RAUPM1P.py"
"$R96YF08.ps1",".ps1","12693","2026-01-16T01:17:43.5112114-06:00","D:\$RECYCLE.BIN\S-1-5-21-741873480-958676864-519521001-1001\$R96YF08.ps1"
"$R57P5UJ.json",".json","12390","2026-01-18T13:50:10.9178511-06:00","D:\$RECYCLE.BIN\S-1-5-21-741873480-958676864-519521001-1001\$R57P5UJ.json"
"$R73F0ZI.py",".py","12080","2026-01-17T00:40:16.3193661-06:00","D:\$RECYCLE.BIN\S-1-5-21-741873480-958676864-519521001-1001\$R73F0ZI.py"
"$RSGG7OZ.py",".py","12080","2026-01-13T02:52:40.9042181-06:00","D:\$RECYCLE.BIN\S-1-5-21-741873480-958676864-519521001-1001\$RSGG7OZ.py"
"$RVI551T.ps1",".ps1","11768","2026-01-17T00:14:52.1511261-06:00","D:\$RECYCLE.BIN\S-1-5-21-741873480-958676864-519521001-1001\$RVI551T.ps1"
"$RN2NH3H.py",".py","11663","2026-01-23T11:39:49.7920928-06:00","D:\$RECYCLE.BIN\S-1-5-21-741873480-958676864-519521001-1001\$RN2NH3H.py"
"$RJ4TMAB.sh",".sh","11658","2026-01-13T01:09:16.4212678-06:00","D:\$RECYCLE.BIN\S-1-5-21-741873480-958676864-519521001-1001\$RJ4TMAB.sh"
"$RTM5WRM.ps1",".ps1","11542","2026-01-15T17:16:18.0885004-06:00","D:\$RECYCLE.BIN\S-1-5-21-741873480-958676864-519521001-1001\$RTM5WRM.ps1"
"$R1FBJMD.json",".json","11463","2026-01-15T18:22:31.0028756-06:00","D:\$RECYCLE.BIN\S-1-5-21-741873480-958676864-519521001-1001\$R1FBJMD.json"
"$RQ705ST.ps1",".ps1","11333","2026-01-16T00:26:50.9253925-06:00","D:\$RECYCLE.BIN\S-1-5-21-741873480-958676864-519521001-1001\$RQ705ST.ps1"
"$RWJWGAK.json",".json","11160","2026-01-18T13:50:31.6705125-06:00","D:\$RECYCLE.BIN\S-1-5-21-741873480-958676864-519521001-1001\$RWJWGAK.json"
"$RQ0BOGD.py",".py","11155","2026-01-23T20:11:29.8053253-06:00","D:\$RECYCLE.BIN\S-1-5-21-741873480-958676864-519521001-1001\$RQ0BOGD.py"
"$R4KFAER.ps1",".ps1","11117","2026-01-16T22:18:26.8021041-06:00","D:\$RECYCLE.BIN\S-1-5-21-741873480-958676864-519521001-1001\$R4KFAER.ps1"
"$RFWVCQA.ps1",".ps1","11078","2026-01-15T22:22:40.6285371-06:00","D:\$RECYCLE.BIN\S-1-5-21-741873480-958676864-519521001-1001\$RFWVCQA.ps1"
"$RF2YPUD.md",".md","11068","2026-01-15T05:02:19.4473467-06:00","D:\$RECYCLE.BIN\S-1-5-21-741873480-958676864-519521001-1001\$RF2YPUD.md"
"$RUK6B51.py",".py","10841","2026-01-23T11:39:49.3446331-06:00","D:\$RECYCLE.BIN\S-1-5-21-741873480-958676864-519521001-1001\$RUK6B51.py"
"$R5CCURW.ps1",".ps1","10717","2026-01-16T00:17:28.7549201-06:00","D:\$RECYCLE.BIN\S-1-5-21-741873480-958676864-519521001-1001\$R5CCURW.ps1"
"$R6UN81Q.md",".md","10586","2026-01-18T09:46:58.3309901-06:00","D:\$RECYCLE.BIN\S-1-5-21-741873480-958676864-519521001-1001\$R6UN81Q.md"
"$RLX95AD.rs",".rs","10549","2026-01-15T11:47:20.7565042-06:00","D:\$RECYCLE.BIN\S-1-5-21-741873480-958676864-519521001-1001\$RLX95AD.rs"
"$RE0XHZL.rs",".rs","10410","2026-01-13T02:52:40.4711432-06:00","D:\$RECYCLE.BIN\S-1-5-21-741873480-958676864-519521001-1001\$RE0XHZL.rs"
"$RBDT4AX.rs",".rs","10247","2026-01-13T02:52:40.4552793-06:00","D:\$RECYCLE.BIN\S-1-5-21-741873480-958676864-519521001-1001\$RBDT4AX.rs"
"$RX6B8BT.gitignore",".gitignore","10115","2026-01-15T11:24:25.3361143-06:00","D:\$RECYCLE.BIN\S-1-5-21-741873480-958676864-519521001-1001\$RX6B8BT.gitignore"
"$R6NBWMJ.ps1",".ps1","10003","2026-01-24T00:03:28.8288466-06:00","D:\$RECYCLE.BIN\S-1-5-21-741873480-958676864-519521001-1001\$R6NBWMJ.ps1"
"$RXVZ3DJ.py",".py","9983","2026-01-23T23:01:02.0898231-06:00","D:\$RECYCLE.BIN\S-1-5-21-741873480-958676864-519521001-1001\$RXVZ3DJ.py"
"$RVYAHTX.py",".py","9904","2026-01-16T05:54:29.1849352-06:00","D:\$RECYCLE.BIN\S-1-5-21-741873480-958676864-519521001-1001\$RVYAHTX.py"
"$R4LFE9K.ps1",".ps1","9897","2026-01-16T22:18:26.8021041-06:00","D:\$RECYCLE.BIN\S-1-5-21-741873480-958676864-519521001-1001\$R4LFE9K.ps1"
"$R7NELFE.sh",".sh","9852","2026-01-14T23:14:14.4875154-06:00","D:\$RECYCLE.BIN\S-1-5-21-741873480-958676864-519521001-1001\$R7NELFE.sh"
"$RX20X7E.py",".py","9757","2026-01-23T20:17:15.2005317-06:00","D:\$RECYCLE.BIN\S-1-5-21-741873480-958676864-519521001-1001\$RX20X7E.py"
"$RQ9UJIQ.py",".py","9622","2026-01-24T00:29:57.4795524-06:00","D:\$RECYCLE.BIN\S-1-5-21-741873480-958676864-519521001-1001\$RQ9UJIQ.py"
"$RX1CXE5.py",".py","9576","2026-01-24T00:30:08.9805207-06:00","D:\$RECYCLE.BIN\S-1-5-21-741873480-958676864-519521001-1001\$RX1CXE5.py"
"$RSVBBRZ.md",".md","9261","2026-01-23T11:39:49.3378123-06:00","D:\$RECYCLE.BIN\S-1-5-21-741873480-958676864-519521001-1001\$RSVBBRZ.md"
"$RPNF9M5.json",".json","9207","2026-01-15T18:22:29.2480634-06:00","D:\$RECYCLE.BIN\S-1-5-21-741873480-958676864-519521001-1001\$RPNF9M5.json"
"$RQ58HE4.json",".json","9159","2026-01-15T18:22:27.3840893-06:00","D:\$RECYCLE.BIN\S-1-5-21-741873480-958676864-519521001-1001\$RQ58HE4.json"
"$RVH1AWA.ps1",".ps1","9060","2026-01-16T22:18:26.7967806-06:00","D:\$RECYCLE.BIN\S-1-5-21-741873480-958676864-519521001-1001\$RVH1AWA.ps1"
"$RDHUIX0.md",".md","9007","2026-01-18T09:46:58.3719513-06:00","D:\$RECYCLE.BIN\S-1-5-21-741873480-958676864-519521001-1001\$RDHUIX0.md"
"$RUPGQUJ.py",".py","9005","2026-01-23T11:39:49.6822208-06:00","D:\$RECYCLE.BIN\S-1-5-21-741873480-958676864-519521001-1001\$RUPGQUJ.py"
"$RALLU2F.ps1",".ps1","8973","2026-01-15T23:17:55.0271877-06:00","D:\$RECYCLE.BIN\S-1-5-21-741873480-958676864-519521001-1001\$RALLU2F.ps1"
"$RBX5T2A.mojo",".mojo","8956","2026-01-16T05:54:29.6927413-06:00","D:\$RECYCLE.BIN\S-1-5-21-741873480-958676864-519521001-1001\$RBX5T2A.mojo"
"$RWVKUEW.py",".py","8937","2026-01-23T11:39:49.6842198-06:00","D:\$RECYCLE.BIN\S-1-5-21-741873480-958676864-519521001-1001\$RWVKUEW.py"
"$RS1Q199.md",".md","8838","2026-01-23T11:12:38.1048307-06:00","D:\$RECYCLE.BIN\S-1-5-21-741873480-958676864-519521001-1001\$RS1Q199.md"
"$RJFHUZJ.md",".md","8646","2026-01-23T11:12:33.6456935-06:00","D:\$RECYCLE.BIN\S-1-5-21-741873480-958676864-519521001-1001\$RJFHUZJ.md"
"$R75097B.rs",".rs","8541","2026-01-15T11:47:22.0466382-06:00","D:\$RECYCLE.BIN\S-1-5-21-741873480-958676864-519521001-1001\$R75097B.rs"
"$R6BPA1I.md",".md","8251","2026-01-23T11:27:28.3590334-06:00","D:\$RECYCLE.BIN\S-1-5-21-741873480-958676864-519521001-1001\$R6BPA1I.md"
"$RUG22ZD.ps1",".ps1","8229","2026-01-16T07:41:24.3874661-06:00","D:\$RECYCLE.BIN\S-1-5-21-741873480-958676864-519521001-1001\$RUG22ZD.ps1"
"$RT4EM9J.ps1",".ps1","7909","2026-01-16T20:26:48.7874510-06:00","D:\$RECYCLE.BIN\S-1-5-21-741873480-958676864-519521001-1001\$RT4EM9J.ps1"
"$RZ3DHII.md",".md","7882","2026-01-16T18:54:08.6534150-06:00","D:\$RECYCLE.BIN\S-1-5-21-741873480-958676864-519521001-1001\$RZ3DHII.md"
"$RF6W9T9.md",".md","7734","2026-01-18T09:46:58.3436350-06:00","D:\$RECYCLE.BIN\S-1-5-21-741873480-958676864-519521001-1001\$RF6W9T9.md"
"$RDDA971.md",".md","7703","2026-01-23T11:39:49.3398203-06:00","D:\$RECYCLE.BIN\S-1-5-21-741873480-958676864-519521001-1001\$RDDA971.md"
"$RRQPFFL.py",".py","7467","2026-01-23T11:39:49.6812207-06:00","D:\$RECYCLE.BIN\S-1-5-21-741873480-958676864-519521001-1001\$RRQPFFL.py"
"$RHGJFHW.md",".md","7305","2026-01-18T09:46:58.3241634-06:00","D:\$RECYCLE.BIN\S-1-5-21-741873480-958676864-519521001-1001\$RHGJFHW.md"
"$RG3BZNF.py",".py","7297","2026-01-23T19:47:20.6495838-06:00","D:\$RECYCLE.BIN\S-1-5-21-741873480-958676864-519521001-1001\$RG3BZNF.py"
"$R1Q1JZA.md",".md","7290","2026-01-18T09:46:58.3381635-06:00","D:\$RECYCLE.BIN\S-1-5-21-741873480-958676864-519521001-1001\$R1Q1JZA.md"
"$ROMY8TJ.chpl",".chpl","7155","2026-01-18T05:52:06.6803420-06:00","D:\$RECYCLE.BIN\S-1-5-21-741873480-958676864-519521001-1001\$ROMY8TJ.chpl"
"$RC7PKII.md",".md","7071","2026-01-24T00:02:39.6251764-06:00","D:\$RECYCLE.BIN\S-1-5-21-741873480-958676864-519521001-1001\$RC7PKII.md"
"$RW6ZRXR","","7040","2026-01-15T15:59:56.1462962-06:00","D:\$RECYCLE.BIN\S-1-5-21-741873480-958676864-519521001-1001\$RW6ZRXR"
"$RKHQGDZ.md",".md","7036","2026-01-23T11:39:49.3332422-06:00","D:\$RECYCLE.BIN\S-1-5-21-741873480-958676864-519521001-1001\$RKHQGDZ.md"
"$R7A8DH3.py",".py","6900","2026-01-23T20:13:11.4862123-06:00","D:\$RECYCLE.BIN\S-1-5-21-741873480-958676864-519521001-1001\$R7A8DH3.py"
"$RV2SNOV.py",".py","6864","2026-01-23T20:17:31.2048079-06:00","D:\$RECYCLE.BIN\S-1-5-21-741873480-958676864-519521001-1001\$RV2SNOV.py"
"$RP4DG6P.py",".py","6832","2026-01-16T05:54:29.6933177-06:00","D:\$RECYCLE.BIN\S-1-5-21-741873480-958676864-519521001-1001\$RP4DG6P.py"
"$R5FBTR4.ps1",".ps1","6768","2026-01-16T18:02:11.9275685-06:00","D:\$RECYCLE.BIN\S-1-5-21-741873480-958676864-519521001-1001\$R5FBTR4.ps1"
"$RCYNX0D.py",".py","6745","2026-01-23T11:39:49.7499152-06:00","D:\$RECYCLE.BIN\S-1-5-21-741873480-958676864-519521001-1001\$RCYNX0D.py"
"$R0NGTBJ.md",".md","6726","2026-01-18T09:46:58.3567156-06:00","D:\$RECYCLE.BIN\S-1-5-21-741873480-958676864-519521001-1001\$R0NGTBJ.md"
"$ROPSX25.ps1",".ps1","6562","2026-01-23T23:57:26.1946306-06:00","D:\$RECYCLE.BIN\S-1-5-21-741873480-958676864-519521001-1001\$ROPSX25.ps1"
"$RV0IEZ0.md",".md","6471","2026-01-24T00:03:11.2824913-06:00","D:\$RECYCLE.BIN\S-1-5-21-741873480-958676864-519521001-1001\$RV0IEZ0.md"
"$RREL5IF.ps1",".ps1","6443","2026-01-24T00:02:12.0129664-06:00","D:\$RECYCLE.BIN\S-1-5-21-741873480-958676864-519521001-1001\$RREL5IF.ps1"
"$RSVXMDC.ps1",".ps1","6286","2026-01-16T20:26:48.2829770-06:00","D:\$RECYCLE.BIN\S-1-5-21-741873480-958676864-519521001-1001\$RSVXMDC.ps1"
"$RUWLDVH.md",".md","6261","2026-01-18T09:47:02.9372383-06:00","D:\$RECYCLE.BIN\S-1-5-21-741873480-958676864-519521001-1001\$RUWLDVH.md"
"$RELKW90.json",".json","6236","2026-01-15T23:23:53.6655507-06:00","D:\$RECYCLE.BIN\S-1-5-21-741873480-958676864-519521001-1001\$RELKW90.json"
"$RY0Q6GG.md",".md","6128","2026-01-16T05:25:00.3249650-06:00","D:\$RECYCLE.BIN\S-1-5-21-741873480-958676864-519521001-1001\$RY0Q6GG.md"
"$RIZX978.ps1",".ps1","6055","2026-01-16T20:26:45.7077482-06:00","D:\$RECYCLE.BIN\S-1-5-21-741873480-958676864-519521001-1001\$RIZX978.ps1"
"$RQ9QBO1.ps1",".ps1","6012","2026-01-15T05:32:36.4414573-06:00","D:\$RECYCLE.BIN\S-1-5-21-741873480-958676864-519521001-1001\$RQ9QBO1.ps1"
"$RH2LGLN.chpl",".chpl","5954","2026-01-18T05:47:24.2983028-06:00","D:\$RECYCLE.BIN\S-1-5-21-741873480-958676864-519521001-1001\$RH2LGLN.chpl"
"$RC31ZO2.ps1",".ps1","5948","2026-01-16T20:26:47.7755505-06:00","D:\$RECYCLE.BIN\S-1-5-21-741873480-958676864-519521001-1001\$RC31ZO2.ps1"
"$RU03WY4.json",".json","5934","2026-01-15T22:27:13.4934315-06:00","D:\$RECYCLE.BIN\S-1-5-21-741873480-958676864-519521001-1001\$RU03WY4.json"
"$RO2Q8GA.md",".md","5865","2026-01-18T09:46:58.3509378-06:00","D:\$RECYCLE.BIN\S-1-5-21-741873480-958676864-519521001-1001\$RO2Q8GA.md"
"$RB4HT93.py",".py","5851","2026-01-23T20:12:59.4277630-06:00","D:\$RECYCLE.BIN\S-1-5-21-741873480-958676864-519521001-1001\$RB4HT93.py"
"$R1BNJ2H.ps1",".ps1","5848","2026-01-18T05:41:53.5972468-06:00","D:\$RECYCLE.BIN\S-1-5-21-741873480-958676864-519521001-1001\$R1BNJ2H.ps1"
"$RI59VPK.ps1",".ps1","5843","2026-01-24T00:47:15.9731885-06:00","D:\$RECYCLE.BIN\S-1-5-21-741873480-958676864-519521001-1001\$RI59VPK.ps1"
"$ROVSM07.py",".py","5789","2026-01-23T23:00:09.4150249-06:00","D:\$RECYCLE.BIN\S-1-5-21-741873480-958676864-519521001-1001\$ROVSM07.py"
"$R6FFEYX.json",".json","5776","2026-01-15T22:26:38.7481880-06:00","D:\$RECYCLE.BIN\S-1-5-21-741873480-958676864-519521001-1001\$R6FFEYX.json"
"$ROUZOGS.md",".md","5773","2026-01-23T20:21:59.1191443-06:00","D:\$RECYCLE.BIN\S-1-5-21-741873480-958676864-519521001-1001\$ROUZOGS.md"
"$R81R2N4.json",".json","5730","2026-01-15T22:26:56.4816512-06:00","D:\$RECYCLE.BIN\S-1-5-21-741873480-958676864-519521001-1001\$R81R2N4.json"
"$RE7MX38.txt",".txt","5658","2026-01-23T11:39:49.8440434-06:00","D:\$RECYCLE.BIN\S-1-5-21-741873480-958676864-519521001-1001\$RE7MX38.txt"
"$R7FUPRW.ps1",".ps1","5644","2026-01-16T02:45:25.0623588-06:00","D:\$RECYCLE.BIN\S-1-5-21-741873480-958676864-519521001-1001\$R7FUPRW.ps1"
"$R57UJXW.ps1",".ps1","5626","2026-01-16T07:41:24.9922290-06:00","D:\$RECYCLE.BIN\S-1-5-21-741873480-958676864-519521001-1001\$R57UJXW.ps1"
"$RDU6V7B.ps1",".ps1","5480","2026-01-15T23:18:38.5843528-06:00","D:\$RECYCLE.BIN\S-1-5-21-741873480-958676864-519521001-1001\$RDU6V7B.ps1"
"$RB7650M.py",".py","5470","2026-01-24T00:22:15.0034029-06:00","D:\$RECYCLE.BIN\S-1-5-21-741873480-958676864-519521001-1001\$RB7650M.py"
"$RFLW7VB.md",".md","5459","2026-01-16T20:26:47.1034704-06:00","D:\$RECYCLE.BIN\S-1-5-21-741873480-958676864-519521001-1001\$RFLW7VB.md"
"$RW5D669.ps1",".ps1","5432","2026-01-17T00:13:30.4418322-06:00","D:\$RECYCLE.BIN\S-1-5-21-741873480-958676864-519521001-1001\$RW5D669.ps1"
"$R4D1GO9.md",".md","5398","2026-01-23T11:21:53.9630886-06:00","D:\$RECYCLE.BIN\S-1-5-21-741873480-958676864-519521001-1001\$R4D1GO9.md"
"$RPQYN7L.ps1",".ps1","5397","2026-01-16T20:26:46.6408018-06:00","D:\$RECYCLE.BIN\S-1-5-21-741873480-958676864-519521001-1001\$RPQYN7L.ps1"
"$RQPBF14.toml",".toml","5361","2026-01-16T18:54:12.7603342-06:00","D:\$RECYCLE.BIN\S-1-5-21-741873480-958676864-519521001-1001\$RQPBF14.toml"
"$RTKEERF.toml",".toml","5361","2026-01-16T18:49:20.2897222-06:00","D:\$RECYCLE.BIN\S-1-5-21-741873480-958676864-519521001-1001\$RTKEERF.toml"
"$RNFBF0I.md",".md","5354","2026-01-16T20:26:44.9571888-06:00","D:\$RECYCLE.BIN\S-1-5-21-741873480-958676864-519521001-1001\$RNFBF0I.md"
"$R4G93L1.json",".json","5313","2026-01-18T13:51:21.2445162-06:00","D:\$RECYCLE.BIN\S-1-5-21-741873480-958676864-519521001-1001\$R4G93L1.json"
"$RTNB61R.ps1",".ps1","5308","2026-01-15T19:29:55.8426264-06:00","D:\$RECYCLE.BIN\S-1-5-21-741873480-958676864-519521001-1001\$RTNB61R.ps1"
"$RYPXMGT.py",".py","5263","2026-01-23T20:13:27.9768772-06:00","D:\$RECYCLE.BIN\S-1-5-21-741873480-958676864-519521001-1001\$RYPXMGT.py"
"$RNJ9LU6.ps1",".ps1","5206","2026-01-15T05:42:52.2864438-06:00","D:\$RECYCLE.BIN\S-1-5-21-741873480-958676864-519521001-1001\$RNJ9LU6.ps1"
"$RX4DCYM.md",".md","5116","2026-01-23T11:19:08.0137819-06:00","D:\$RECYCLE.BIN\S-1-5-21-741873480-958676864-519521001-1001\$RX4DCYM.md"
"$RLQ9V91.ps1",".ps1","5091","2026-01-15T23:21:23.7593048-06:00","D:\$RECYCLE.BIN\S-1-5-21-741873480-958676864-519521001-1001\$RLQ9V91.ps1"
"$RILK9Q3.ps1",".ps1","5063","2026-01-16T20:26:46.1747544-06:00","D:\$RECYCLE.BIN\S-1-5-21-741873480-958676864-519521001-1001\$RILK9Q3.ps1"
"$RX9Q653.ps1",".ps1","5050","2026-01-18T06:31:18.2865443-06:00","D:\$RECYCLE.BIN\S-1-5-21-741873480-958676864-519521001-1001\$RX9Q653.ps1"
"$RM537E2.ps1",".ps1","4968","2026-01-15T23:26:19.2295639-06:00","D:\$RECYCLE.BIN\S-1-5-21-741873480-958676864-519521001-1001\$RM537E2.ps1"
"$R22CYSP.json",".json","4826","2026-01-15T23:24:02.2342394-06:00","D:\$RECYCLE.BIN\S-1-5-21-741873480-958676864-519521001-1001\$R22CYSP.json"
"$R5MS5VP.json",".json","4791","2026-01-18T13:52:32.6683886-06:00","D:\$RECYCLE.BIN\S-1-5-21-741873480-958676864-519521001-1001\$R5MS5VP.json"
"$R3M3BIB.ps1",".ps1","4785","2026-01-18T01:23:02.7301369-06:00","D:\$RECYCLE.BIN\S-1-5-21-741873480-958676864-519521001-1001\$R3M3BIB.ps1"
"$RK3SHNO.md",".md","4696","2026-01-18T13:51:11.9310825-06:00","D:\$RECYCLE.BIN\S-1-5-21-741873480-958676864-519521001-1001\$RK3SHNO.md"
"$RHLFRGU.py",".py","4688","2026-01-23T23:00:26.7249380-06:00","D:\$RECYCLE.BIN\S-1-5-21-741873480-958676864-519521001-1001\$RHLFRGU.py"
"$RNHTQCO.md",".md","4661","2026-01-18T13:51:00.9576304-06:00","D:\$RECYCLE.BIN\S-1-5-21-741873480-958676864-519521001-1001\$RNHTQCO.md"
"$RNF5OPU.ps1",".ps1","4643","2026-01-23T11:39:49.3466644-06:00","D:\$RECYCLE.BIN\S-1-5-21-741873480-958676864-519521001-1001\$RNF5OPU.ps1"
"$RUKINRM.py",".py","4526","2026-01-23T23:01:26.4421245-06:00","D:\$RECYCLE.BIN\S-1-5-21-741873480-958676864-519521001-1001\$RUKINRM.py"
"$RNGPZPA.py",".py","4521","2026-01-23T11:39:49.8191826-06:00","D:\$RECYCLE.BIN\S-1-5-21-741873480-958676864-519521001-1001\$RNGPZPA.py"
"$RME90SI.md",".md","4470","2026-01-16T07:07:19.3872078-06:00","D:\$RECYCLE.BIN\S-1-5-21-741873480-958676864-519521001-1001\$RME90SI.md"
"$RFHHPKH.md",".md","4459","2026-01-23T11:21:53.9630886-06:00","D:\$RECYCLE.BIN\S-1-5-21-741873480-958676864-519521001-1001\$RFHHPKH.md"
"$R89IFMJ.py",".py","4455","2026-01-23T20:11:52.0876726-06:00","D:\$RECYCLE.BIN\S-1-5-21-741873480-958676864-519521001-1001\$R89IFMJ.py"
"$R91JX7Z.json",".json","4440","2026-01-15T22:27:31.2965176-06:00","D:\$RECYCLE.BIN\S-1-5-21-741873480-958676864-519521001-1001\$R91JX7Z.json"
"$RLLASR7.json",".json","4417","2026-01-15T16:01:21.9845021-06:00","D:\$RECYCLE.BIN\S-1-5-21-741873480-958676864-519521001-1001\$RLLASR7.json"
"$RCJ0L0D.json",".json","4417","2026-01-15T16:01:40.5630100-06:00","D:\$RECYCLE.BIN\S-1-5-21-741873480-958676864-519521001-1001\$RCJ0L0D.json"
"$R8SGJ9G.py",".py","4365","2026-01-23T11:39:49.8533933-06:00","D:\$RECYCLE.BIN\S-1-5-21-741873480-958676864-519521001-1001\$R8SGJ9G.py"
"$R923V9R.ps1",".ps1","4211","2026-01-17T00:14:43.5152328-06:00","D:\$RECYCLE.BIN\S-1-5-21-741873480-958676864-519521001-1001\$R923V9R.ps1"
"$R6SPSW1.chpl",".chpl","4194","2026-01-18T05:56:27.6404466-06:00","D:\$RECYCLE.BIN\S-1-5-21-741873480-958676864-519521001-1001\$R6SPSW1.chpl"
"$ROJ68UB.ps1",".ps1","4173","2026-01-15T05:39:17.6541247-06:00","D:\$RECYCLE.BIN\S-1-5-21-741873480-958676864-519521001-1001\$ROJ68UB.ps1"
"$R17NN0L.py",".py","4172","2026-01-24T00:22:26.1306873-06:00","D:\$RECYCLE.BIN\S-1-5-21-741873480-958676864-519521001-1001\$R17NN0L.py"
"$RVGTC71.chpl",".chpl","4167","2026-01-18T05:47:50.5246393-06:00","D:\$RECYCLE.BIN\S-1-5-21-741873480-958676864-519521001-1001\$RVGTC71.chpl"
"$RLGV505.json",".json","4154","2026-01-15T22:21:13.6691707-06:00","D:\$RECYCLE.BIN\S-1-5-21-741873480-958676864-519521001-1001\$RLGV505.json"
"$R01NIUR.py",".py","4112","2026-01-23T11:39:49.6802277-06:00","D:\$RECYCLE.BIN\S-1-5-21-741873480-958676864-519521001-1001\$R01NIUR.py"
"$RMBBFJV.json",".json","4093","2026-01-15T16:30:36.2153515-06:00","D:\$RECYCLE.BIN\S-1-5-21-741873480-958676864-519521001-1001\$RMBBFJV.json"
"$RAH86H1.ps1",".ps1","4059","2026-01-17T00:14:43.5152328-06:00","D:\$RECYCLE.BIN\S-1-5-21-741873480-958676864-519521001-1001\$RAH86H1.ps1"
"$RYP3HKI.json",".json","4048","2026-01-15T23:03:04.9422588-06:00","D:\$RECYCLE.BIN\S-1-5-21-741873480-958676864-519521001-1001\$RYP3HKI.json"
"$R8MNM8U.json",".json","4028","2026-01-15T22:20:45.0362252-06:00","D:\$RECYCLE.BIN\S-1-5-21-741873480-958676864-519521001-1001\$R8MNM8U.json"
"$R66L8J0.ps1",".ps1","3998","2026-01-16T20:35:25.3021379-06:00","D:\$RECYCLE.BIN\S-1-5-21-741873480-958676864-519521001-1001\$R66L8J0.ps1"
"$RPN1JL6.md",".md","3963","2026-01-18T13:50:41.0096211-06:00","D:\$RECYCLE.BIN\S-1-5-21-741873480-958676864-519521001-1001\$RPN1JL6.md"
"$R5JOPYH.py",".py","3899","2026-01-23T20:09:43.3022158-06:00","D:\$RECYCLE.BIN\S-1-5-21-741873480-958676864-519521001-1001\$R5JOPYH.py"
"$RC5PE02.py",".py","3847","2026-01-23T19:53:55.8154372-06:00","D:\$RECYCLE.BIN\S-1-5-21-741873480-958676864-519521001-1001\$RC5PE02.py"
"$RJ49RBU.json",".json","3813","2026-01-15T22:18:34.8248111-06:00","D:\$RECYCLE.BIN\S-1-5-21-741873480-958676864-519521001-1001\$RJ49RBU.json"
"$RGXEV3W.patch",".patch","3806","2026-01-23T11:39:49.8208119-06:00","D:\$RECYCLE.BIN\S-1-5-21-741873480-958676864-519521001-1001\$RGXEV3W.patch"
"$RRECN8D.ps1",".ps1","3751","2026-01-18T05:42:19.8822346-06:00","D:\$RECYCLE.BIN\S-1-5-21-741873480-958676864-519521001-1001\$RRECN8D.ps1"
"$R4XDRPK.py",".py","3721","2026-01-23T20:11:39.6350931-06:00","D:\$RECYCLE.BIN\S-1-5-21-741873480-958676864-519521001-1001\$R4XDRPK.py"
"$RF063NK.ps1",".ps1","3682","2026-01-16T18:54:14.4589109-06:00","D:\$RECYCLE.BIN\S-1-5-21-741873480-958676864-519521001-1001\$RF063NK.ps1"
"$RHY1MTA.md",".md","3642","2026-01-16T07:58:55.9424921-06:00","D:\$RECYCLE.BIN\S-1-5-21-741873480-958676864-519521001-1001\$RHY1MTA.md"
"$RVXY8IS.json",".json","3637","2026-01-15T11:26:45.1859081-06:00","D:\$RECYCLE.BIN\S-1-5-21-741873480-958676864-519521001-1001\$RVXY8IS.json"
"$RMWQNV3.json",".json","3572","2026-01-15T18:22:36.3817647-06:00","D:\$RECYCLE.BIN\S-1-5-21-741873480-958676864-519521001-1001\$RMWQNV3.json"
"$RSIVDNF.py",".py","3560","2026-01-17T20:53:23.6632237-06:00","D:\$RECYCLE.BIN\S-1-5-21-741873480-958676864-519521001-1001\$RSIVDNF.py"
"$R1OLRF4.bat",".bat","3558","2026-01-18T01:22:21.7904488-06:00","D:\$RECYCLE.BIN\S-1-5-21-741873480-958676864-519521001-1001\$R1OLRF4.bat"
"$RUX8BX5.py",".py","3389","2026-01-23T11:39:49.7514251-06:00","D:\$RECYCLE.BIN\S-1-5-21-741873480-958676864-519521001-1001\$RUX8BX5.py"
"$RI6DSMI.ps1",".ps1","3347","2026-01-18T05:37:14.7975550-06:00","D:\$RECYCLE.BIN\S-1-5-21-741873480-958676864-519521001-1001\$RI6DSMI.ps1"
"$RL3456C.json",".json","3331","2026-01-15T22:21:27.2533160-06:00","D:\$RECYCLE.BIN\S-1-5-21-741873480-958676864-519521001-1001\$RL3456C.json"
"$RNGVAHN.json",".json","3299","2026-01-15T23:03:20.8021929-06:00","D:\$RECYCLE.BIN\S-1-5-21-741873480-958676864-519521001-1001\$RNGVAHN.json"
"$R2ACJ65.ps1",".ps1","3179","2026-01-18T05:38:15.4814570-06:00","D:\$RECYCLE.BIN\S-1-5-21-741873480-958676864-519521001-1001\$R2ACJ65.ps1"
"$RBUISFP.bat",".bat","3170","2026-01-23T11:39:49.3452151-06:00","D:\$RECYCLE.BIN\S-1-5-21-741873480-958676864-519521001-1001\$RBUISFP.bat"
"$RJVYKDX.py",".py","3165","2026-01-23T19:52:46.9850554-06:00","D:\$RECYCLE.BIN\S-1-5-21-741873480-958676864-519521001-1001\$RJVYKDX.py"
"$R07RQQ0.md",".md","3074","2026-01-16T18:54:11.4373875-06:00","D:\$RECYCLE.BIN\S-1-5-21-741873480-958676864-519521001-1001\$R07RQQ0.md"
"$R78FF55.json",".json","3069","2026-01-15T22:20:59.8949975-06:00","D:\$RECYCLE.BIN\S-1-5-21-741873480-958676864-519521001-1001\$R78FF55.json"
"$ROJXO7M.py",".py","3061","2026-01-24T00:30:59.5081836-06:00","D:\$RECYCLE.BIN\S-1-5-21-741873480-958676864-519521001-1001\$ROJXO7M.py"
"$RTW41RP.o",".o","3016","2026-01-15T15:59:42.7531535-06:00","D:\$RECYCLE.BIN\S-1-5-21-741873480-958676864-519521001-1001\$RTW41RP.o"
"$ROK09L1.json",".json","3012","2026-01-15T22:19:19.0451663-06:00","D:\$RECYCLE.BIN\S-1-5-21-741873480-958676864-519521001-1001\$ROK09L1.json"
"$RPZ8DU7.ps1",".ps1","2992","2026-01-18T05:37:31.8085862-06:00","D:\$RECYCLE.BIN\S-1-5-21-741873480-958676864-519521001-1001\$RPZ8DU7.ps1"
"$RYZOUCW.py",".py","2975","2026-01-17T20:54:12.0482406-06:00","D:\$RECYCLE.BIN\S-1-5-21-741873480-958676864-519521001-1001\$RYZOUCW.py"
"$RJJY2Y9.ps1",".ps1","2969","2026-01-24T00:01:48.8057053-06:00","D:\$RECYCLE.BIN\S-1-5-21-741873480-958676864-519521001-1001\$RJJY2Y9.ps1"
"$R1WOG3Z.json",".json","2942","2026-01-15T18:22:25.7517226-06:00","D:\$RECYCLE.BIN\S-1-5-21-741873480-958676864-519521001-1001\$R1WOG3Z.json"
"$R18TO8H.chpl",".chpl","2940","2026-01-18T05:56:36.1722709-06:00","D:\$RECYCLE.BIN\S-1-5-21-741873480-958676864-519521001-1001\$R18TO8H.chpl"
"$RJ8A76C.jsonl",".jsonl","2935","2026-01-15T18:22:34.8797882-06:00","D:\$RECYCLE.BIN\S-1-5-21-741873480-958676864-519521001-1001\$RJ8A76C.jsonl"
"$R63J5LT.py",".py","2921","2026-01-23T23:39:54.1151427-06:00","D:\$RECYCLE.BIN\S-1-5-21-741873480-958676864-519521001-1001\$R63J5LT.py"
"$R1WWB5Z.py",".py","2871","2026-01-23T23:40:07.7105688-06:00","D:\$RECYCLE.BIN\S-1-5-21-741873480-958676864-519521001-1001\$R1WWB5Z.py"
"$RFWSA3Y.py",".py","2852","2026-01-23T11:39:49.6852186-06:00","D:\$RECYCLE.BIN\S-1-5-21-741873480-958676864-519521001-1001\$RFWSA3Y.py"
"$RAWF3DM.py",".py","2832","2026-01-23T19:56:12.3765652-06:00","D:\$RECYCLE.BIN\S-1-5-21-741873480-958676864-519521001-1001\$RAWF3DM.py"
"$RXV8UEL.json",".json","2785","2026-01-15T22:21:39.1723153-06:00","D:\$RECYCLE.BIN\S-1-5-21-741873480-958676864-519521001-1001\$RXV8UEL.json"
"$RBNB1DR.bat",".bat","2749","2026-01-18T01:20:21.6596640-06:00","D:\$RECYCLE.BIN\S-1-5-21-741873480-958676864-519521001-1001\$RBNB1DR.bat"
"$RIVWNA3.ps1",".ps1","2745","2026-01-15T22:55:31.9629027-06:00","D:\$RECYCLE.BIN\S-1-5-21-741873480-958676864-519521001-1001\$RIVWNA3.ps1"
"$RCY7GNG.ps1",".ps1","2624","2026-01-15T23:18:51.9622709-06:00","D:\$RECYCLE.BIN\S-1-5-21-741873480-958676864-519521001-1001\$RCY7GNG.ps1"
"$RMC85YS.md",".md","2607","2026-01-23T23:41:47.3980624-06:00","D:\$RECYCLE.BIN\S-1-5-21-741873480-958676864-519521001-1001\$RMC85YS.md"
"$RT07YC4.md",".md","2603","2026-01-16T17:27:19.6715403-06:00","D:\$RECYCLE.BIN\S-1-5-21-741873480-958676864-519521001-1001\$RT07YC4.md"
"$RNFDJBY.json",".json","2590","2026-01-18T13:50:16.3685818-06:00","D:\$RECYCLE.BIN\S-1-5-21-741873480-958676864-519521001-1001\$RNFDJBY.json"
"$RKRZ3G8.json",".json","2581","2026-01-15T22:18:49.4251272-06:00","D:\$RECYCLE.BIN\S-1-5-21-741873480-958676864-519521001-1001\$RKRZ3G8.json"
"$RBYOJBN.json",".json","2548","2026-01-15T22:18:23.0294660-06:00","D:\$RECYCLE.BIN\S-1-5-21-741873480-958676864-519521001-1001\$RBYOJBN.json"
"$RIZOMJ0.sh",".sh","2454","2026-01-16T16:05:14.0364930-06:00","D:\$RECYCLE.BIN\S-1-5-21-741873480-958676864-519521001-1001\$RIZOMJ0.sh"
"$RE62MGS.ps1",".ps1","2394","2026-01-24T00:18:11.3204505-06:00","D:\$RECYCLE.BIN\S-1-5-21-741873480-958676864-519521001-1001\$RE62MGS.ps1"
"$R2XTOB4.ps1",".ps1","2381","2026-01-18T05:35:39.7706725-06:00","D:\$RECYCLE.BIN\S-1-5-21-741873480-958676864-519521001-1001\$R2XTOB4.ps1"
"$RMO4WR2.ps1",".ps1","2344","2026-01-16T02:45:39.6472987-06:00","D:\$RECYCLE.BIN\S-1-5-21-741873480-958676864-519521001-1001\$RMO4WR2.ps1"
"$RJUK3OR.ps1",".ps1","2280","2026-01-13T01:09:15.6797306-06:00","D:\$RECYCLE.BIN\S-1-5-21-741873480-958676864-519521001-1001\$RJUK3OR.ps1"
"$RMSN3U7.py",".py","2232","2026-01-24T00:37:02.8212322-06:00","D:\$RECYCLE.BIN\S-1-5-21-741873480-958676864-519521001-1001\$RMSN3U7.py"
"$RSDJO8T.sh",".sh","2226","2026-01-16T07:10:07.6648649-06:00","D:\$RECYCLE.BIN\S-1-5-21-741873480-958676864-519521001-1001\$RSDJO8T.sh"
"$R5SN855.py",".py","2207","2026-01-16T05:56:00.1127471-06:00","D:\$RECYCLE.BIN\S-1-5-21-741873480-958676864-519521001-1001\$R5SN855.py"
"$RAMNTGV.chpl",".chpl","2120","2026-01-18T06:05:24.4395403-06:00","D:\$RECYCLE.BIN\S-1-5-21-741873480-958676864-519521001-1001\$RAMNTGV.chpl"
"$R6HLTYP.ps1",".ps1","2108","2026-01-15T14:31:06.8428081-06:00","D:\$RECYCLE.BIN\S-1-5-21-741873480-958676864-519521001-1001\$R6HLTYP.ps1"
"$RSSRXQ2.json",".json","2106","2026-01-15T23:14:22.6477311-06:00","D:\$RECYCLE.BIN\S-1-5-21-741873480-958676864-519521001-1001\$RSSRXQ2.json"
"$RWV8ECR.toml",".toml","2062","2026-01-23T20:25:52.7137432-06:00","D:\$RECYCLE.BIN\S-1-5-21-741873480-958676864-519521001-1001\$RWV8ECR.toml"
"$RPO7Z0W.ps1",".ps1","2056","2026-01-18T01:02:04.0249763-06:00","D:\$RECYCLE.BIN\S-1-5-21-741873480-958676864-519521001-1001\$RPO7Z0W.ps1"
"$RTGARUK.md",".md","2028","2026-01-18T09:46:58.3598347-06:00","D:\$RECYCLE.BIN\S-1-5-21-741873480-958676864-519521001-1001\$RTGARUK.md"
"$RAHL8K6.ps1",".ps1","1928","2026-01-18T01:20:21.6596640-06:00","D:\$RECYCLE.BIN\S-1-5-21-741873480-958676864-519521001-1001\$RAHL8K6.ps1"
"$RAKR2CP.ps1",".ps1","1814","2026-01-24T00:37:22.4406294-06:00","D:\$RECYCLE.BIN\S-1-5-21-741873480-958676864-519521001-1001\$RAKR2CP.ps1"
"$R1MBCUE.md",".md","1810","2026-01-18T01:18:42.9461263-06:00","D:\$RECYCLE.BIN\S-1-5-21-741873480-958676864-519521001-1001\$R1MBCUE.md"
"$RQIE4W7.py",".py","1770","2026-01-13T02:52:40.9193231-06:00","D:\$RECYCLE.BIN\S-1-5-21-741873480-958676864-519521001-1001\$RQIE4W7.py"
"$RK5N2WS.py",".py","1770","2026-01-17T00:40:16.3344199-06:00","D:\$RECYCLE.BIN\S-1-5-21-741873480-958676864-519521001-1001\$RK5N2WS.py"
"$RSQHETJ.ps1",".ps1","1766","2026-01-24T00:37:22.4406294-06:00","D:\$RECYCLE.BIN\S-1-5-21-741873480-958676864-519521001-1001\$RSQHETJ.ps1"
"$R8D1BPB.ps1",".ps1","1735","2026-01-17T00:13:30.4418322-06:00","D:\$RECYCLE.BIN\S-1-5-21-741873480-958676864-519521001-1001\$R8D1BPB.ps1"
"$RZAXA39.md",".md","1681","2026-01-15T11:26:45.1859081-06:00","D:\$RECYCLE.BIN\S-1-5-21-741873480-958676864-519521001-1001\$RZAXA39.md"
"$RWKS4II.md",".md","1655","2026-01-16T17:27:19.6715403-06:00","D:\$RECYCLE.BIN\S-1-5-21-741873480-958676864-519521001-1001\$RWKS4II.md"
"$RK69OA4.cursorrules",".cursorrules","1637","2026-01-13T06:05:41.3135659-06:00","D:\$RECYCLE.BIN\S-1-5-21-741873480-958676864-519521001-1001\$RK69OA4.cursorrules"
"$RDZZOD5.ps1",".ps1","1594","2026-01-15T22:52:10.3996454-06:00","D:\$RECYCLE.BIN\S-1-5-21-741873480-958676864-519521001-1001\$RDZZOD5.ps1"
"$RZ4M71C.json",".json","1586","2026-01-15T23:24:08.3245964-06:00","D:\$RECYCLE.BIN\S-1-5-21-741873480-958676864-519521001-1001\$RZ4M71C.json"
"$R8541W2","","1569","2026-01-16T16:05:14.0977458-06:00","D:\$RECYCLE.BIN\S-1-5-21-741873480-958676864-519521001-1001\$R8541W2"
"$RJX4OS1.gitattributes",".gitattributes","1554","2026-01-16T05:54:29.1804405-06:00","D:\$RECYCLE.BIN\S-1-5-21-741873480-958676864-519521001-1001\$RJX4OS1.gitattributes"
"$RWUIEY6.ps1",".ps1","1545","2026-01-24T00:38:55.7058642-06:00","D:\$RECYCLE.BIN\S-1-5-21-741873480-958676864-519521001-1001\$RWUIEY6.ps1"
"$R6OHTBG.chpl",".chpl","1499","2026-01-18T05:56:20.3913911-06:00","D:\$RECYCLE.BIN\S-1-5-21-741873480-958676864-519521001-1001\$R6OHTBG.chpl"
"$RZ4D6TF.csv",".csv","1486","2026-01-15T18:22:29.1847167-06:00","D:\$RECYCLE.BIN\S-1-5-21-741873480-958676864-519521001-1001\$RZ4D6TF.csv"
"$RLAQ4EI.chpl",".chpl","1482","2026-01-16T08:39:07.9047195-06:00","D:\$RECYCLE.BIN\S-1-5-21-741873480-958676864-519521001-1001\$RLAQ4EI.chpl"
"$RS5LF6U.bat",".bat","1461","2026-01-23T11:39:49.7900843-06:00","D:\$RECYCLE.BIN\S-1-5-21-741873480-958676864-519521001-1001\$RS5LF6U.bat"
"$RXB9M54.json",".json","1459","2026-01-15T23:24:03.0689864-06:00","D:\$RECYCLE.BIN\S-1-5-21-741873480-958676864-519521001-1001\$RXB9M54.json"
"$RNNKU0Z.bat",".bat","1458","2026-01-23T11:39:49.6873836-06:00","D:\$RECYCLE.BIN\S-1-5-21-741873480-958676864-519521001-1001\$RNNKU0Z.bat"
"$RNBJ38J.yml",".yml","1420","2026-01-16T16:05:14.0364930-06:00","D:\$RECYCLE.BIN\S-1-5-21-741873480-958676864-519521001-1001\$RNBJ38J.yml"
"$RA7SXLH.jl",".jl","1410","2026-01-18T16:41:42.3910522-06:00","D:\$RECYCLE.BIN\S-1-5-21-741873480-958676864-519521001-1001\$RA7SXLH.jl"
"$RI1N5B0.py",".py","1401","2026-01-16T05:51:23.6660262-06:00","D:\$RECYCLE.BIN\S-1-5-21-741873480-958676864-519521001-1001\$RI1N5B0.py"
"$R5ESP46.bat",".bat","1381","2026-01-18T01:18:42.9461263-06:00","D:\$RECYCLE.BIN\S-1-5-21-741873480-958676864-519521001-1001\$R5ESP46.bat"
"$ROGRBU9.json",".json","1370","2026-01-24T00:48:12.8122514-06:00","D:\$RECYCLE.BIN\S-1-5-21-741873480-958676864-519521001-1001\$ROGRBU9.json"
"$RZXFLM9.py",".py","1346","2026-01-23T20:07:22.7827063-06:00","D:\$RECYCLE.BIN\S-1-5-21-741873480-958676864-519521001-1001\$RZXFLM9.py"
"$RGNGWZD.py",".py","1331","2026-01-16T05:55:09.5355593-06:00","D:\$RECYCLE.BIN\S-1-5-21-741873480-958676864-519521001-1001\$RGNGWZD.py"
"$R8CH7EE.md",".md","1328","2026-01-16T16:55:01.1859229-06:00","D:\$RECYCLE.BIN\S-1-5-21-741873480-958676864-519521001-1001\$R8CH7EE.md"
"$RZ5F4KR.md",".md","1322","2026-01-18T09:46:58.3665590-06:00","D:\$RECYCLE.BIN\S-1-5-21-741873480-958676864-519521001-1001\$RZ5F4KR.md"
"$RUGQ3BS.chpl",".chpl","1302","2026-01-18T05:49:10.0039560-06:00","D:\$RECYCLE.BIN\S-1-5-21-741873480-958676864-519521001-1001\$RUGQ3BS.chpl"
"$RR61179.chpl",".chpl","1298","2026-01-18T05:56:16.2384456-06:00","D:\$RECYCLE.BIN\S-1-5-21-741873480-958676864-519521001-1001\$RR61179.chpl"
"$RI04IY4.ps1",".ps1","1275","2026-01-23T19:48:16.9118212-06:00","D:\$RECYCLE.BIN\S-1-5-21-741873480-958676864-519521001-1001\$RI04IY4.ps1"
"$R3KQHPC.md",".md","1255","2026-01-18T05:07:52.4893964-06:00","D:\$RECYCLE.BIN\S-1-5-21-741873480-958676864-519521001-1001\$R3KQHPC.md"
"$R9QEKKA.log",".log","1235","2026-01-15T10:46:05.3966703-06:00","D:\$RECYCLE.BIN\S-1-5-21-741873480-958676864-519521001-1001\$R9QEKKA.log"
"$ROJ1ZCC.log",".log","1235","2026-01-15T10:45:56.8284230-06:00","D:\$RECYCLE.BIN\S-1-5-21-741873480-958676864-519521001-1001\$ROJ1ZCC.log"
"$RIFWV3T.log",".log","1235","2026-01-15T10:34:45.1302335-06:00","D:\$RECYCLE.BIN\S-1-5-21-741873480-958676864-519521001-1001\$RIFWV3T.log"
"$R57DNWC.log",".log","1235","2026-01-15T10:19:41.0386947-06:00","D:\$RECYCLE.BIN\S-1-5-21-741873480-958676864-519521001-1001\$R57DNWC.log"
"$RH1KGIW.json",".json","1213","2026-01-15T23:24:08.3273583-06:00","D:\$RECYCLE.BIN\S-1-5-21-741873480-958676864-519521001-1001\$RH1KGIW.json"
"$R2LUAPE.py",".py","1175","2026-01-17T00:40:16.3222880-06:00","D:\$RECYCLE.BIN\S-1-5-21-741873480-958676864-519521001-1001\$R2LUAPE.py"
"$R8CZQ94.py",".py","1175","2026-01-13T02:52:40.9067760-06:00","D:\$RECYCLE.BIN\S-1-5-21-741873480-958676864-519521001-1001\$R8CZQ94.py"
"$RPEURZI.bat",".bat","1173","2026-01-23T11:39:49.7910935-06:00","D:\$RECYCLE.BIN\S-1-5-21-741873480-958676864-519521001-1001\$RPEURZI.bat"
"$R1X4VAG.json",".json","1156","2026-01-15T23:24:08.3262829-06:00","D:\$RECYCLE.BIN\S-1-5-21-741873480-958676864-519521001-1001\$R1X4VAG.json"
"$RSXICEJ.md",".md","1153","2026-01-18T09:46:57.0641198-06:00","D:\$RECYCLE.BIN\S-1-5-21-741873480-958676864-519521001-1001\$RSXICEJ.md"
"$RHNBL38.py",".py","1151","2026-01-16T05:51:38.2600725-06:00","D:\$RECYCLE.BIN\S-1-5-21-741873480-958676864-519521001-1001\$RHNBL38.py"
"$RLVBDQ9.py",".py","1148","2026-01-16T05:42:03.8564392-06:00","D:\$RECYCLE.BIN\S-1-5-21-741873480-958676864-519521001-1001\$RLVBDQ9.py"
"$RSXWAIT.ps1",".ps1","1133","2026-01-18T05:07:53.4336015-06:00","D:\$RECYCLE.BIN\S-1-5-21-741873480-958676864-519521001-1001\$RSXWAIT.ps1"
"$R0N56WZ.csv",".csv","1098","2026-01-15T18:22:30.9543766-06:00","D:\$RECYCLE.BIN\S-1-5-21-741873480-958676864-519521001-1001\$R0N56WZ.csv"
"$RYW67AK.py",".py","912","2026-01-16T06:25:44.3769487-06:00","D:\$RECYCLE.BIN\S-1-5-21-741873480-958676864-519521001-1001\$RYW67AK.py"
"$R4L81C8.chpl",".chpl","911","2026-01-18T06:03:00.6186116-06:00","D:\$RECYCLE.BIN\S-1-5-21-741873480-958676864-519521001-1001\$R4L81C8.chpl"
"$R8X6FZB.csv",".csv","887","2026-01-15T18:22:27.2670779-06:00","D:\$RECYCLE.BIN\S-1-5-21-741873480-958676864-519521001-1001\$R8X6FZB.csv"
"$ROBEPQL.bat",".bat","857","2026-01-18T01:18:42.9461263-06:00","D:\$RECYCLE.BIN\S-1-5-21-741873480-958676864-519521001-1001\$ROBEPQL.bat"
"$R389W5Z","","847","2026-01-16T16:05:14.0364930-06:00","D:\$RECYCLE.BIN\S-1-5-21-741873480-958676864-519521001-1001\$R389W5Z"
"$RYX4CIS.chpl",".chpl","816","2026-01-18T06:03:20.0113561-06:00","D:\$RECYCLE.BIN\S-1-5-21-741873480-958676864-519521001-1001\$RYX4CIS.chpl"
"$R97OUH1.md",".md","812","2026-01-18T16:58:07.4298340-06:00","D:\$RECYCLE.BIN\S-1-5-21-741873480-958676864-519521001-1001\$R97OUH1.md"
"$RT9CMYJ.md",".md","788","2026-01-16T08:15:01.3889530-06:00","D:\$RECYCLE.BIN\S-1-5-21-741873480-958676864-519521001-1001\$RT9CMYJ.md"
"$ROUJEMT.py",".py","786","2026-01-16T05:53:08.5245107-06:00","D:\$RECYCLE.BIN\S-1-5-21-741873480-958676864-519521001-1001\$ROUJEMT.py"
"$R1Z386U.json",".json","769","2026-01-15T23:23:54.9537505-06:00","D:\$RECYCLE.BIN\S-1-5-21-741873480-958676864-519521001-1001\$R1Z386U.json"
"$RXSS7E7.ps1",".ps1","685","2026-01-18T01:02:04.0249763-06:00","D:\$RECYCLE.BIN\S-1-5-21-741873480-958676864-519521001-1001\$RXSS7E7.ps1"
"$R3HFQFV.txt",".txt","673","2026-01-17T20:54:50.5650184-06:00","D:\$RECYCLE.BIN\S-1-5-21-741873480-958676864-519521001-1001\$R3HFQFV.txt"
"$RRF7914.ini",".ini","666","2026-01-23T11:39:49.8319540-06:00","D:\$RECYCLE.BIN\S-1-5-21-741873480-958676864-519521001-1001\$RRF7914.ini"
"$RW31IW5.txt",".txt","661","2026-01-23T11:39:49.8390426-06:00","D:\$RECYCLE.BIN\S-1-5-21-741873480-958676864-519521001-1001\$RW31IW5.txt"
"$R9A7GJD.py",".py","647","2026-01-16T05:55:32.6404535-06:00","D:\$RECYCLE.BIN\S-1-5-21-741873480-958676864-519521001-1001\$R9A7GJD.py"
"$RN4AP4S.chpl",".chpl","614","2026-01-18T06:03:04.1003270-06:00","D:\$RECYCLE.BIN\S-1-5-21-741873480-958676864-519521001-1001\$RN4AP4S.chpl"
"$RMRTH67.md",".md","565","2026-01-15T11:26:45.1929222-06:00","D:\$RECYCLE.BIN\S-1-5-21-741873480-958676864-519521001-1001\$RMRTH67.md"
"$R6UJ4R8.md",".md","535","2026-01-23T20:37:17.5129943-06:00","D:\$RECYCLE.BIN\S-1-5-21-741873480-958676864-519521001-1001\$R6UJ4R8.md"
"$RPC9E9F.py",".py","534","2026-01-16T06:25:42.3180761-06:00","D:\$RECYCLE.BIN\S-1-5-21-741873480-958676864-519521001-1001\$RPC9E9F.py"
"$REHUP2F.py",".py","529","2026-01-23T11:39:49.7936207-06:00","D:\$RECYCLE.BIN\S-1-5-21-741873480-958676864-519521001-1001\$REHUP2F.py"
"$RAANR1O.csv",".csv","511","2026-01-15T18:22:25.6524009-06:00","D:\$RECYCLE.BIN\S-1-5-21-741873480-958676864-519521001-1001\$RAANR1O.csv"
"$REEMCYV.json",".json","508","2026-01-24T00:48:42.8585104-06:00","D:\$RECYCLE.BIN\S-1-5-21-741873480-958676864-519521001-1001\$REEMCYV.json"
"$RBV0CIM.chpl",".chpl","490","2026-01-18T05:52:15.4181616-06:00","D:\$RECYCLE.BIN\S-1-5-21-741873480-958676864-519521001-1001\$RBV0CIM.chpl"
"$RZQ74FN.bat",".bat","480","2026-01-17T20:54:37.5827822-06:00","D:\$RECYCLE.BIN\S-1-5-21-741873480-958676864-519521001-1001\$RZQ74FN.bat"
"$RZ6NXG9.csv",".csv","471","2026-01-15T18:22:36.3394429-06:00","D:\$RECYCLE.BIN\S-1-5-21-741873480-958676864-519521001-1001\$RZ6NXG9.csv"
"$RCXSXR2.py",".py","458","2026-01-23T20:16:57.3555249-06:00","D:\$RECYCLE.BIN\S-1-5-21-741873480-958676864-519521001-1001\$RCXSXR2.py"
"$R9NKKR2.txt",".txt","417","2026-01-23T11:39:49.8485726-06:00","D:\$RECYCLE.BIN\S-1-5-21-741873480-958676864-519521001-1001\$R9NKKR2.txt"
"$RBGU06J.example",".example","395","2026-01-13T02:52:40.2703739-06:00","D:\$RECYCLE.BIN\S-1-5-21-741873480-958676864-519521001-1001\$RBGU06J.example"
"$R8CCXB5.ps1",".ps1","388","2026-01-24T00:48:12.7966428-06:00","D:\$RECYCLE.BIN\S-1-5-21-741873480-958676864-519521001-1001\$R8CCXB5.ps1"
"$R7GU0NB.sh",".sh","381","2026-01-15T07:30:53.7525764-06:00","D:\$RECYCLE.BIN\S-1-5-21-741873480-958676864-519521001-1001\$R7GU0NB.sh"
"$RPGQ805.sh",".sh","379","2026-01-15T07:26:11.8235016-06:00","D:\$RECYCLE.BIN\S-1-5-21-741873480-958676864-519521001-1001\$RPGQ805.sh"
"$RUD4ZPJ.bat",".bat","363","2026-01-17T20:53:35.4075811-06:00","D:\$RECYCLE.BIN\S-1-5-21-741873480-958676864-519521001-1001\$RUD4ZPJ.bat"
"$IU03WY4.json",".json","314","2026-01-15T23:38:19.9430148-06:00","D:\$RECYCLE.BIN\S-1-5-21-741873480-958676864-519521001-1001\$IU03WY4.json"
"$R12BMPX.json",".json","310","2026-01-15T18:22:37.9458197-06:00","D:\$RECYCLE.BIN\S-1-5-21-741873480-958676864-519521001-1001\$R12BMPX.json"
"$I91JX7Z.json",".json","308","2026-01-15T23:38:19.5919613-06:00","D:\$RECYCLE.BIN\S-1-5-21-741873480-958676864-519521001-1001\$I91JX7Z.json"
"$RWWFLE8.chpl",".chpl","304","2026-01-18T05:52:22.5415861-06:00","D:\$RECYCLE.BIN\S-1-5-21-741873480-958676864-519521001-1001\$RWWFLE8.chpl"
"$I81R2N4.json",".json","304","2026-01-15T23:38:19.4182538-06:00","D:\$RECYCLE.BIN\S-1-5-21-741873480-958676864-519521001-1001\$I81R2N4.json"
"$I6FFEYX.json",".json","302","2026-01-15T23:38:20.0257555-06:00","D:\$RECYCLE.BIN\S-1-5-21-741873480-958676864-519521001-1001\$I6FFEYX.json"
"$IL3456C.json",".json","296","2026-01-15T23:38:19.8679817-06:00","D:\$RECYCLE.BIN\S-1-5-21-741873480-958676864-519521001-1001\$IL3456C.json"
"$IXV8UEL.json",".json","296","2026-01-15T23:38:20.1780014-06:00","D:\$RECYCLE.BIN\S-1-5-21-741873480-958676864-519521001-1001\$IXV8UEL.json"
"$ILGV505.json",".json","294","2026-01-15T23:38:20.0988183-06:00","D:\$RECYCLE.BIN\S-1-5-21-741873480-958676864-519521001-1001\$ILGV505.json"
"$INGVAHN.json",".json","292","2026-01-15T23:38:19.1688665-06:00","D:\$RECYCLE.BIN\S-1-5-21-741873480-958676864-519521001-1001\$INGVAHN.json"
"$I8MNM8U.json",".json","286","2026-01-15T23:38:20.2648661-06:00","D:\$RECYCLE.BIN\S-1-5-21-741873480-958676864-519521001-1001\$I8MNM8U.json"
"$R4DN71J.bat",".bat","283","2026-01-18T00:52:27.4749422-06:00","D:\$RECYCLE.BIN\S-1-5-21-741873480-958676864-519521001-1001\$R4DN71J.bat"
"$IYP3HKI.json",".json","282","2026-01-15T23:38:19.2465491-06:00","D:\$RECYCLE.BIN\S-1-5-21-741873480-958676864-519521001-1001\$IYP3HKI.json"
"$I78FF55.json",".json","274","2026-01-15T23:38:19.6713257-06:00","D:\$RECYCLE.BIN\S-1-5-21-741873480-958676864-519521001-1001\$I78FF55.json"
"$IBYOJBN.json",".json","272","2026-01-15T23:38:19.7466119-06:00","D:\$RECYCLE.BIN\S-1-5-21-741873480-958676864-519521001-1001\$IBYOJBN.json"
"$IJ49RBU.json",".json","266","2026-01-15T23:38:19.3310410-06:00","D:\$RECYCLE.BIN\S-1-5-21-741873480-958676864-519521001-1001\$IJ49RBU.json"
"$IKRZ3G8.json",".json","266","2026-01-15T23:38:19.0847100-06:00","D:\$RECYCLE.BIN\S-1-5-21-741873480-958676864-519521001-1001\$IKRZ3G8.json"
"$IOK09L1.json",".json","264","2026-01-15T23:38:20.3444535-06:00","D:\$RECYCLE.BIN\S-1-5-21-741873480-958676864-519521001-1001\$IOK09L1.json"
"$ILLASR7.json",".json","252","2026-01-15T23:38:18.7247511-06:00","D:\$RECYCLE.BIN\S-1-5-21-741873480-958676864-519521001-1001\$ILLASR7.json"
"$ICJ0L0D.json",".json","252","2026-01-15T23:38:18.9298056-06:00","D:\$RECYCLE.BIN\S-1-5-21-741873480-958676864-519521001-1001\$ICJ0L0D.json"
"$IZ4M71C.json",".json","240","2026-01-15T23:39:18.6731002-06:00","D:\$RECYCLE.BIN\S-1-5-21-741873480-958676864-519521001-1001\$IZ4M71C.json"
"$IVXY8IS.json",".json","238","2026-01-15T23:39:18.2978864-06:00","D:\$RECYCLE.BIN\S-1-5-21-741873480-958676864-519521001-1001\$IVXY8IS.json"
"$IH1KGIW.json",".json","236","2026-01-15T23:39:18.8381002-06:00","D:\$RECYCLE.BIN\S-1-5-21-741873480-958676864-519521001-1001\$IH1KGIW.json"
"$I1X4VAG.json",".json","234","2026-01-15T23:39:18.8790739-06:00","D:\$RECYCLE.BIN\S-1-5-21-741873480-958676864-519521001-1001\$I1X4VAG.json"
"$IZAXA39.md",".md","234","2026-01-15T23:39:18.4259169-06:00","D:\$RECYCLE.BIN\S-1-5-21-741873480-958676864-519521001-1001\$IZAXA39.md"
"$I22CYSP.json",".json","230","2026-01-15T23:39:19.1139836-06:00","D:\$RECYCLE.BIN\S-1-5-21-741873480-958676864-519521001-1001\$I22CYSP.json"
"$IELKW90.json",".json","218","2026-01-15T23:39:18.7514949-06:00","D:\$RECYCLE.BIN\S-1-5-21-741873480-958676864-519521001-1001\$IELKW90.json"
"$I57UJXW.ps1",".ps1","214","2026-01-16T18:49:55.3312310-06:00","D:\$RECYCLE.BIN\S-1-5-21-741873480-958676864-519521001-1001\$I57UJXW.ps1"
"$RL8ZEXB.log",".log","212","2026-01-15T19:04:38.6337266-06:00","D:\$RECYCLE.BIN\S-1-5-21-741873480-958676864-519521001-1001\$RL8ZEXB.log"
"$IDZ721B.rs",".rs","212","2026-01-15T05:53:54.5053596-06:00","D:\$RECYCLE.BIN\S-1-5-21-741873480-958676864-519521001-1001\$IDZ721B.rs"
"$IXB9M54.json",".json","208","2026-01-15T23:39:18.5972490-06:00","D:\$RECYCLE.BIN\S-1-5-21-741873480-958676864-519521001-1001\$IXB9M54.json"
"$IH6V6YZ.ps1",".ps1","208","2026-01-16T18:51:40.4516412-06:00","D:\$RECYCLE.BIN\S-1-5-21-741873480-958676864-519521001-1001\$IH6V6YZ.ps1"
"$IQIE4W7.py",".py","208","2026-01-15T15:52:09.3501987-06:00","D:\$RECYCLE.BIN\S-1-5-21-741873480-958676864-519521001-1001\$IQIE4W7.py"
"$I8CZQ94.py",".py","208","2026-01-15T15:52:09.2293562-06:00","D:\$RECYCLE.BIN\S-1-5-21-741873480-958676864-519521001-1001\$I8CZQ94.py"
"$IVT4H6I.ps1",".ps1","206","2026-01-15T23:38:07.2122245-06:00","D:\$RECYCLE.BIN\S-1-5-21-741873480-958676864-519521001-1001\$IVT4H6I.ps1"
"$I75097B.rs",".rs","204","2026-01-15T23:33:00.0939389-06:00","D:\$RECYCLE.BIN\S-1-5-21-741873480-958676864-519521001-1001\$I75097B.rs"
"$I1Z386U.json",".json","204","2026-01-15T23:39:19.0465427-06:00","D:\$RECYCLE.BIN\S-1-5-21-741873480-958676864-519521001-1001\$I1Z386U.json"
"$IPNF9M5.json",".json","202","2026-01-15T23:39:29.9716593-06:00","D:\$RECYCLE.BIN\S-1-5-21-741873480-958676864-519521001-1001\$IPNF9M5.json"
"$IPLNSHO.ps1",".ps1","202","2026-01-15T23:37:51.0921527-06:00","D:\$RECYCLE.BIN\S-1-5-21-741873480-958676864-519521001-1001\$IPLNSHO.ps1"
"$IRY67CL.py",".py","200","2026-01-15T15:52:09.2899894-06:00","D:\$RECYCLE.BIN\S-1-5-21-741873480-958676864-519521001-1001\$IRY67CL.py"
"$IZ4D6TF.csv",".csv","200","2026-01-15T23:39:29.9092979-06:00","D:\$RECYCLE.BIN\S-1-5-21-741873480-958676864-519521001-1001\$IZ4D6TF.csv"
"$I0E8UTY.ps1",".ps1","200","2026-01-15T23:37:50.9207279-06:00","D:\$RECYCLE.BIN\S-1-5-21-741873480-958676864-519521001-1001\$I0E8UTY.ps1"
"$IZDL85R.json",".json","198","2026-01-15T23:39:18.9696777-06:00","D:\$RECYCLE.BIN\S-1-5-21-741873480-958676864-519521001-1001\$IZDL85R.json"
"$IILK9Q3.ps1",".ps1","198","2026-01-16T20:40:34.1593477-06:00","D:\$RECYCLE.BIN\S-1-5-21-741873480-958676864-519521001-1001\$IILK9Q3.ps1"
"$I2IHHGC.md",".md","196","2026-01-23T18:59:57.7318240-06:00","D:\$RECYCLE.BIN\S-1-5-21-741873480-958676864-519521001-1001\$I2IHHGC.md"
"$IE0XHZL.rs",".rs","196","2026-01-15T05:53:54.8999128-06:00","D:\$RECYCLE.BIN\S-1-5-21-741873480-958676864-519521001-1001\$IE0XHZL.rs"
"$I1FBJMD.json",".json","194","2026-01-15T23:39:29.7810857-06:00","D:\$RECYCLE.BIN\S-1-5-21-741873480-958676864-519521001-1001\$I1FBJMD.json"
"$IMWQNV3.json",".json","194","2026-01-15T23:39:30.2736314-06:00","D:\$RECYCLE.BIN\S-1-5-21-741873480-958676864-519521001-1001\$IMWQNV3.json"
"$ITNB61R.ps1",".ps1","194","2026-01-15T23:38:07.4080715-06:00","D:\$RECYCLE.BIN\S-1-5-21-741873480-958676864-519521001-1001\$ITNB61R.ps1"
"$IRZ4DS0.ps1",".ps1","192","2026-01-16T18:49:55.2434375-06:00","D:\$RECYCLE.BIN\S-1-5-21-741873480-958676864-519521001-1001\$IRZ4DS0.ps1"
"$ILX95AD.rs",".rs","192","2026-01-15T23:33:00.9188585-06:00","D:\$RECYCLE.BIN\S-1-5-21-741873480-958676864-519521001-1001\$ILX95AD.rs"
"$IZ6NXG9.csv",".csv","192","2026-01-15T23:39:30.2329559-06:00","D:\$RECYCLE.BIN\S-1-5-21-741873480-958676864-519521001-1001\$IZ6NXG9.csv"
"$I0N56WZ.csv",".csv","192","2026-01-15T23:39:29.6996439-06:00","D:\$RECYCLE.BIN\S-1-5-21-741873480-958676864-519521001-1001\$I0N56WZ.csv"
"$IQ58HE4.json",".json","190","2026-01-15T23:39:30.1069990-06:00","D:\$RECYCLE.BIN\S-1-5-21-741873480-958676864-519521001-1001\$IQ58HE4.json"
"$I1WOG3Z.json",".json","190","2026-01-15T23:39:29.6371593-06:00","D:\$RECYCLE.BIN\S-1-5-21-741873480-958676864-519521001-1001\$I1WOG3Z.json"
"$IKHNR3W.ps1",".ps1","190","2026-01-15T23:37:50.7298614-06:00","D:\$RECYCLE.BIN\S-1-5-21-741873480-958676864-519521001-1001\$IKHNR3W.ps1"
"$I8X6FZB.csv",".csv","188","2026-01-15T23:39:30.0316433-06:00","D:\$RECYCLE.BIN\S-1-5-21-741873480-958676864-519521001-1001\$I8X6FZB.csv"
"$IMO4WR2.ps1",".ps1","188","2026-01-16T18:49:55.3000120-06:00","D:\$RECYCLE.BIN\S-1-5-21-741873480-958676864-519521001-1001\$IMO4WR2.ps1"
"$IAANR1O.csv",".csv","188","2026-01-15T23:39:29.5500235-06:00","D:\$RECYCLE.BIN\S-1-5-21-741873480-958676864-519521001-1001\$IAANR1O.csv"
"$I8CH7EE.md",".md","188","2026-01-16T17:09:12.5852562-06:00","D:\$RECYCLE.BIN\S-1-5-21-741873480-958676864-519521001-1001\$I8CH7EE.md"
"$ISDJO8T.sh",".sh","186","2026-01-16T18:49:55.5309742-06:00","D:\$RECYCLE.BIN\S-1-5-21-741873480-958676864-519521001-1001\$ISDJO8T.sh"
"$IJ8A76C.jsonl",".jsonl","186","2026-01-15T23:39:30.1775007-06:00","D:\$RECYCLE.BIN\S-1-5-21-741873480-958676864-519521001-1001\$IJ8A76C.jsonl"
"$RT079E2.chpl",".chpl","185","2026-01-18T05:52:36.4351004-06:00","D:\$RECYCLE.BIN\S-1-5-21-741873480-958676864-519521001-1001\$RT079E2.chpl"
"$IFLW7VB.md",".md","184","2026-01-16T20:40:33.9059913-06:00","D:\$RECYCLE.BIN\S-1-5-21-741873480-958676864-519521001-1001\$IFLW7VB.md"
"$I96YF08.ps1",".ps1","184","2026-01-16T18:49:55.0698175-06:00","D:\$RECYCLE.BIN\S-1-5-21-741873480-958676864-519521001-1001\$I96YF08.ps1"
"$ILAQ4EI.chpl",".chpl","182","2026-01-16T18:51:40.3584903-06:00","D:\$RECYCLE.BIN\S-1-5-21-741873480-958676864-519521001-1001\$ILAQ4EI.chpl"
"$INFBF0I.md",".md","182","2026-01-16T20:40:34.1260514-06:00","D:\$RECYCLE.BIN\S-1-5-21-741873480-958676864-519521001-1001\$INFBF0I.md"
"$IUG22ZD.ps1",".ps1","182","2026-01-16T18:49:55.4509074-06:00","D:\$RECYCLE.BIN\S-1-5-21-741873480-958676864-519521001-1001\$IUG22ZD.ps1"
"$ITM5WRM.ps1",".ps1","180","2026-01-15T23:37:51.1910723-06:00","D:\$RECYCLE.BIN\S-1-5-21-741873480-958676864-519521001-1001\$ITM5WRM.ps1"
"$I12BMPX.json",".json","180","2026-01-15T23:39:29.8460000-06:00","D:\$RECYCLE.BIN\S-1-5-21-741873480-958676864-519521001-1001\$I12BMPX.json"
"$IAG0YHP.md",".md","180","2026-01-16T18:49:55.1239532-06:00","D:\$RECYCLE.BIN\S-1-5-21-741873480-958676864-519521001-1001\$IAG0YHP.md"
"$ING10VE.ps1",".ps1","180","2026-01-16T18:49:55.2728562-06:00","D:\$RECYCLE.BIN\S-1-5-21-741873480-958676864-519521001-1001\$ING10VE.ps1"
"$I2LUAPE.py",".py","178","2026-01-18T02:27:41.4490196-06:00","D:\$RECYCLE.BIN\S-1-5-21-741873480-958676864-519521001-1001\$I2LUAPE.py"
"$IMRTH67.md",".md","178","2026-01-15T23:39:18.5095851-06:00","D:\$RECYCLE.BIN\S-1-5-21-741873480-958676864-519521001-1001\$IMRTH67.md"
"$IK5N2WS.py",".py","178","2026-01-18T02:27:41.5402765-06:00","D:\$RECYCLE.BIN\S-1-5-21-741873480-958676864-519521001-1001\$IK5N2WS.py"
"$R7M3SAQ.chpl",".chpl","176","2026-01-18T05:52:24.9492850-06:00","D:\$RECYCLE.BIN\S-1-5-21-741873480-958676864-519521001-1001\$R7M3SAQ.chpl"
"$I66L8J0.ps1",".ps1","176","2026-01-16T20:40:34.0055609-06:00","D:\$RECYCLE.BIN\S-1-5-21-741873480-958676864-519521001-1001\$I66L8J0.ps1"
"$IQ705ST.ps1",".ps1","176","2026-01-16T18:49:55.3574510-06:00","D:\$RECYCLE.BIN\S-1-5-21-741873480-958676864-519521001-1001\$IQ705ST.ps1"
"$I07RQQ0.md",".md","174","2026-01-16T20:40:33.8805957-06:00","D:\$RECYCLE.BIN\S-1-5-21-741873480-958676864-519521001-1001\$I07RQQ0.md"
"$IIZX978.ps1",".ps1","174","2026-01-16T20:40:33.9742618-06:00","D:\$RECYCLE.BIN\S-1-5-21-741873480-958676864-519521001-1001\$IIZX978.ps1"
"$RCSLA45.chpl",".chpl","174","2026-01-18T05:52:38.8143214-06:00","D:\$RECYCLE.BIN\S-1-5-21-741873480-958676864-519521001-1001\$RCSLA45.chpl"
"$RS12ZC3.chpl",".chpl","172","2026-01-18T05:52:27.4034461-06:00","D:\$RECYCLE.BIN\S-1-5-21-741873480-958676864-519521001-1001\$RS12ZC3.chpl"
"$IHWEDSR.rs",".rs","172","2026-01-16T18:49:55.1818241-06:00","D:\$RECYCLE.BIN\S-1-5-21-741873480-958676864-519521001-1001\$IHWEDSR.rs"
"$RBI9Q0H.bat",".bat","172","2026-01-18T00:52:28.2389122-06:00","D:\$RECYCLE.BIN\S-1-5-21-741873480-958676864-519521001-1001\$RBI9Q0H.bat"
"$ISPU3YU.py",".py","170","2026-01-18T02:27:41.4968429-06:00","D:\$RECYCLE.BIN\S-1-5-21-741873480-958676864-519521001-1001\$ISPU3YU.py"
"$IL8AES8.py",".py","170","2026-01-15T15:52:08.6668182-06:00","D:\$RECYCLE.BIN\S-1-5-21-741873480-958676864-519521001-1001\$IL8AES8.py"
"$I7FUPRW.ps1",".ps1","170","2026-01-16T18:49:55.5034421-06:00","D:\$RECYCLE.BIN\S-1-5-21-741873480-958676864-519521001-1001\$I7FUPRW.ps1"
"$ISGG7OZ.py",".py","168","2026-01-15T15:52:09.3944802-06:00","D:\$RECYCLE.BIN\S-1-5-21-741873480-958676864-519521001-1001\$ISGG7OZ.py"
"$RP8HYR2.chpl",".chpl","168","2026-01-18T05:52:33.5345022-06:00","D:\$RECYCLE.BIN\S-1-5-21-741873480-958676864-519521001-1001\$RP8HYR2.chpl"
"$IC31ZO2.ps1",".ps1","166","2026-01-16T20:40:34.0333849-06:00","D:\$RECYCLE.BIN\S-1-5-21-741873480-958676864-519521001-1001\$IC31ZO2.ps1"
"$INBJ38J.yml",".yml","166","2026-01-16T18:49:55.0038014-06:00","D:\$RECYCLE.BIN\S-1-5-21-741873480-958676864-519521001-1001\$INBJ38J.yml"
"$IF063NK.ps1",".ps1","166","2026-01-16T20:40:34.1871598-06:00","D:\$RECYCLE.BIN\S-1-5-21-741873480-958676864-519521001-1001\$IF063NK.ps1"
"$RKDOAVA.chpl",".chpl","166","2026-01-18T05:52:52.1583672-06:00","D:\$RECYCLE.BIN\S-1-5-21-741873480-958676864-519521001-1001\$RKDOAVA.chpl"
"$IPQYN7L.ps1",".ps1","166","2026-01-16T20:40:34.1002446-06:00","D:\$RECYCLE.BIN\S-1-5-21-741873480-958676864-519521001-1001\$IPQYN7L.ps1"
"$IZ3DHII.md",".md","166","2026-01-16T20:40:33.8508754-06:00","D:\$RECYCLE.BIN\S-1-5-21-741873480-958676864-519521001-1001\$IZ3DHII.md"
"$ISVXMDC.ps1",".ps1","166","2026-01-16T20:40:34.0680359-06:00","D:\$RECYCLE.BIN\S-1-5-21-741873480-958676864-519521001-1001\$ISVXMDC.ps1"
"$RCB9JH5.chpl",".chpl","165","2026-01-18T05:52:44.6241917-06:00","D:\$RECYCLE.BIN\S-1-5-21-741873480-958676864-519521001-1001\$RCB9JH5.chpl"
"$IQM5BO5.md",".md","164","2026-01-23T18:59:57.2594684-06:00","D:\$RECYCLE.BIN\S-1-5-21-741873480-958676864-519521001-1001\$IQM5BO5.md"
"$IPVF2P0","","164","2026-01-16T18:48:32.2515380-06:00","D:\$RECYCLE.BIN\S-1-5-21-741873480-958676864-519521001-1001\$IPVF2P0"
"$IPEURZI.bat",".bat","162","2026-01-23T18:59:59.0081574-06:00","D:\$RECYCLE.BIN\S-1-5-21-741873480-958676864-519521001-1001\$IPEURZI.bat"
"$IKHQGDZ.md",".md","162","2026-01-23T18:59:57.0025248-06:00","D:\$RECYCLE.BIN\S-1-5-21-741873480-958676864-519521001-1001\$IKHQGDZ.md"
"$RHK66N7.zip",".zip","162","2026-01-15T15:55:21.5555834-06:00","D:\$RECYCLE.BIN\S-1-5-21-741873480-958676864-519521001-1001\$RHK66N7.zip"
"$IT9CMYJ.md",".md","162","2026-01-16T18:51:40.5008723-06:00","D:\$RECYCLE.BIN\S-1-5-21-741873480-958676864-519521001-1001\$IT9CMYJ.md"
"$IN2NH3H.py",".py","162","2026-01-23T19:00:07.0004774-06:00","D:\$RECYCLE.BIN\S-1-5-21-741873480-958676864-519521001-1001\$IN2NH3H.py"
"$IT4EM9J.ps1",".ps1","162","2026-01-16T20:40:33.9404112-06:00","D:\$RECYCLE.BIN\S-1-5-21-741873480-958676864-519521001-1001\$IT4EM9J.ps1"
"$IGURKQQ.ps1",".ps1","160","2026-01-16T18:49:55.3870913-06:00","D:\$RECYCLE.BIN\S-1-5-21-741873480-958676864-519521001-1001\$IGURKQQ.ps1"
"$IAC9DA4.backup",".backup","160","2026-01-18T01:29:06.7135949-06:00","D:\$RECYCLE.BIN\S-1-5-21-741873480-958676864-519521001-1001\$IAC9DA4.backup"
"$IOJ1ZCC.log",".log","158","2026-01-15T14:14:08.7414718-06:00","D:\$RECYCLE.BIN\S-1-5-21-741873480-958676864-519521001-1001\$IOJ1ZCC.log"
"$I9QEKKA.log",".log","158","2026-01-15T14:14:08.8039747-06:00","D:\$RECYCLE.BIN\S-1-5-21-741873480-958676864-519521001-1001\$I9QEKKA.log"
"$IIFWV3T.log",".log","158","2026-01-15T14:14:08.6677199-06:00","D:\$RECYCLE.BIN\S-1-5-21-741873480-958676864-519521001-1001\$IIFWV3T.log"
"$I57DNWC.log",".log","158","2026-01-15T14:14:08.2958249-06:00","D:\$RECYCLE.BIN\S-1-5-21-741873480-958676864-519521001-1001\$I57DNWC.log"
"$I6YPN1X","","158","2026-01-16T18:49:45.9365545-06:00","D:\$RECYCLE.BIN\S-1-5-21-741873480-958676864-519521001-1001\$I6YPN1X"
"$I01NIUR.py",".py","156","2026-01-23T18:59:53.6753510-06:00","D:\$RECYCLE.BIN\S-1-5-21-741873480-958676864-519521001-1001\$I01NIUR.py"
"$IT07YC4.md",".md","156","2026-01-18T09:18:28.1036572-06:00","D:\$RECYCLE.BIN\S-1-5-21-741873480-958676864-519521001-1001\$IT07YC4.md"
"$I5FBTR4.ps1",".ps1","156","2026-01-16T18:49:55.4797338-06:00","D:\$RECYCLE.BIN\S-1-5-21-741873480-958676864-519521001-1001\$I5FBTR4.ps1"
"$IBGU06J.example",".example","154","2026-01-16T18:49:54.7083230-06:00","D:\$RECYCLE.BIN\S-1-5-21-741873480-958676864-519521001-1001\$IBGU06J.example"
"$IK69OA4.cursorrules",".cursorrules","154","2026-01-16T18:49:54.6551670-06:00","D:\$RECYCLE.BIN\S-1-5-21-741873480-958676864-519521001-1001\$IK69OA4.cursorrules"
"$IH2LGLN.chpl",".chpl","154","2026-01-18T06:06:29.8837839-06:00","D:\$RECYCLE.BIN\S-1-5-21-741873480-958676864-519521001-1001\$IH2LGLN.chpl"
"$IN0X1AQ","","152","2026-01-16T18:49:55.2151484-06:00","D:\$RECYCLE.BIN\S-1-5-21-741873480-958676864-519521001-1001\$IN0X1AQ"
"$R7SLKRY.chpl",".chpl","152","2026-01-18T05:52:31.6096284-06:00","D:\$RECYCLE.BIN\S-1-5-21-741873480-958676864-519521001-1001\$R7SLKRY.chpl"
"$I195Q4A.lock",".lock","150","2026-01-16T18:49:54.9259007-06:00","D:\$RECYCLE.BIN\S-1-5-21-741873480-958676864-519521001-1001\$I195Q4A.lock"
"$IQPBF14.toml",".toml","150","2026-01-16T20:40:33.6855684-06:00","D:\$RECYCLE.BIN\S-1-5-21-741873480-958676864-519521001-1001\$IQPBF14.toml"
"$IYD6H92","","150","2026-01-15T23:38:40.5137710-06:00","D:\$RECYCLE.BIN\S-1-5-21-741873480-958676864-519521001-1001\$IYD6H92"
"$ITKEERF.toml",".toml","150","2026-01-16T18:49:54.9607705-06:00","D:\$RECYCLE.BIN\S-1-5-21-741873480-958676864-519521001-1001\$ITKEERF.toml"
"$IO2P1YM","","150","2026-01-16T18:48:32.6829270-06:00","D:\$RECYCLE.BIN\S-1-5-21-741873480-958676864-519521001-1001\$IO2P1YM"
"$I5Y79LT","","150","2026-01-18T09:18:28.3729377-06:00","D:\$RECYCLE.BIN\S-1-5-21-741873480-958676864-519521001-1001\$I5Y79LT"
"$IP8HYR2.chpl",".chpl","150","2026-01-18T05:54:56.7260188-06:00","D:\$RECYCLE.BIN\S-1-5-21-741873480-958676864-519521001-1001\$IP8HYR2.chpl"
"$IX6B8BT.gitignore",".gitignore","150","2026-01-16T18:49:54.7491726-06:00","D:\$RECYCLE.BIN\S-1-5-21-741873480-958676864-519521001-1001\$IX6B8BT.gitignore"
"$I389W5Z","","150","2026-01-16T18:49:55.0376976-06:00","D:\$RECYCLE.BIN\S-1-5-21-741873480-958676864-519521001-1001\$I389W5Z"
"$IY0Q6GG.md",".md","148","2026-01-16T18:49:54.8029940-06:00","D:\$RECYCLE.BIN\S-1-5-21-741873480-958676864-519521001-1001\$IY0Q6GG.md"
"$IWKS4II.md",".md","148","2026-01-16T18:49:55.4190179-06:00","D:\$RECYCLE.BIN\S-1-5-21-741873480-958676864-519521001-1001\$IWKS4II.md"
"$IE7MX38.txt",".txt","148","2026-01-23T18:59:48.3412055-06:00","D:\$RECYCLE.BIN\S-1-5-21-741873480-958676864-519521001-1001\$IE7MX38.txt"
"$RQLHPL5.chpl",".chpl","147","2026-01-18T05:52:41.5452711-06:00","D:\$RECYCLE.BIN\S-1-5-21-741873480-958676864-519521001-1001\$RQLHPL5.chpl"
"$ISSRXQ2.json",".json","146","2026-01-16T18:49:55.1550538-06:00","D:\$RECYCLE.BIN\S-1-5-21-741873480-958676864-519521001-1001\$ISSRXQ2.json"
"$RZHZ6I6.chpl",".chpl","146","2026-01-18T05:52:47.2880339-06:00","D:\$RECYCLE.BIN\S-1-5-21-741873480-958676864-519521001-1001\$RZHZ6I6.chpl"
"$IO1KTPV","","146","2026-01-16T18:49:45.7278957-06:00","D:\$RECYCLE.BIN\S-1-5-21-741873480-958676864-519521001-1001\$IO1KTPV"
"$IT079E2.chpl",".chpl","146","2026-01-18T05:54:27.7931197-06:00","D:\$RECYCLE.BIN\S-1-5-21-741873480-958676864-519521001-1001\$IT079E2.chpl"
"$I1PK558","","146","2026-01-16T18:49:45.9010221-06:00","D:\$RECYCLE.BIN\S-1-5-21-741873480-958676864-519521001-1001\$I1PK558"
"$IDG7365.py",".py","146","2026-01-23T18:59:56.4721917-06:00","D:\$RECYCLE.BIN\S-1-5-21-741873480-958676864-519521001-1001\$IDG7365.py"
"$IBDT4AX.rs",".rs","146","2026-01-16T18:49:54.8471332-06:00","D:\$RECYCLE.BIN\S-1-5-21-741873480-958676864-519521001-1001\$IBDT4AX.rs"
"$I18TO8H.chpl",".chpl","146","2026-01-18T05:57:26.1327404-06:00","D:\$RECYCLE.BIN\S-1-5-21-741873480-958676864-519521001-1001\$I18TO8H.chpl"
"$IIZOMJ0.sh",".sh","146","2026-01-16T18:49:54.8870679-06:00","D:\$RECYCLE.BIN\S-1-5-21-741873480-958676864-519521001-1001\$IIZOMJ0.sh"
"$I8541W2","","146","2026-01-16T18:49:55.0995245-06:00","D:\$RECYCLE.BIN\S-1-5-21-741873480-958676864-519521001-1001\$I8541W2"
"$RC9WG8I.chpl",".chpl","145","2026-01-18T05:52:49.8353236-06:00","D:\$RECYCLE.BIN\S-1-5-21-741873480-958676864-519521001-1001\$RC9WG8I.chpl"
"$IRYGU8Y","","144","2026-01-18T09:18:28.3060778-06:00","D:\$RECYCLE.BIN\S-1-5-21-741873480-958676864-519521001-1001\$IRYGU8Y"
"$IGUU1HU","","144","2026-01-18T09:18:28.4605706-06:00","D:\$RECYCLE.BIN\S-1-5-21-741873480-958676864-519521001-1001\$IGUU1HU"
"$IAGI7D8","","144","2026-01-18T09:18:28.2273345-06:00","D:\$RECYCLE.BIN\S-1-5-21-741873480-958676864-519521001-1001\$IAGI7D8"
"$IFCP4OH","","144","2026-01-16T18:48:32.8016347-06:00","D:\$RECYCLE.BIN\S-1-5-21-741873480-958676864-519521001-1001\$IFCP4OH"
"$IUPGQUJ.py",".py","144","2026-01-23T18:59:54.1320869-06:00","D:\$RECYCLE.BIN\S-1-5-21-741873480-958676864-519521001-1001\$IUPGQUJ.py"
"$IAUPM1P.py",".py","142","2026-01-23T19:00:09.5357641-06:00","D:\$RECYCLE.BIN\S-1-5-21-741873480-958676864-519521001-1001\$IAUPM1P.py"
"$I57P5UJ.json",".json","142","2026-01-18T17:17:15.8499818-06:00","D:\$RECYCLE.BIN\S-1-5-21-741873480-958676864-519521001-1001\$I57P5UJ.json"
"$ID4TLRR.py",".py","142","2026-01-23T18:59:54.4725859-06:00","D:\$RECYCLE.BIN\S-1-5-21-741873480-958676864-519521001-1001\$ID4TLRR.py"
"$IS5LF6U.bat",".bat","142","2026-01-23T18:59:58.5389794-06:00","D:\$RECYCLE.BIN\S-1-5-21-741873480-958676864-519521001-1001\$IS5LF6U.bat"
"$I7M3SAQ.chpl",".chpl","142","2026-01-18T05:54:32.3230651-06:00","D:\$RECYCLE.BIN\S-1-5-21-741873480-958676864-519521001-1001\$I7M3SAQ.chpl"
"$IRIFWJ0.json",".json","142","2026-01-23T19:00:07.5932292-06:00","D:\$RECYCLE.BIN\S-1-5-21-741873480-958676864-519521001-1001\$IRIFWJ0.json"
"$IJ91KIA","","142","2026-01-18T09:18:28.5009651-06:00","D:\$RECYCLE.BIN\S-1-5-21-741873480-958676864-519521001-1001\$IJ91KIA"
"$IZHZ6I6.chpl",".chpl","142","2026-01-18T05:54:49.6287418-06:00","D:\$RECYCLE.BIN\S-1-5-21-741873480-958676864-519521001-1001\$IZHZ6I6.chpl"
"$IHBEGZN.ps1",".ps1","142","2026-01-16T04:14:55.2637662-06:00","D:\$RECYCLE.BIN\S-1-5-21-741873480-958676864-519521001-1001\$IHBEGZN.ps1"
"$IFWSA3Y.py",".py","142","2026-01-23T18:59:56.2284958-06:00","D:\$RECYCLE.BIN\S-1-5-21-741873480-958676864-519521001-1001\$IFWSA3Y.py"
"$IW31IW5.txt",".txt","142","2026-01-23T18:59:47.7792671-06:00","D:\$RECYCLE.BIN\S-1-5-21-741873480-958676864-519521001-1001\$IW31IW5.txt"
"$IRERWXX.json",".json","142","2026-01-16T04:14:41.7251972-06:00","D:\$RECYCLE.BIN\S-1-5-21-741873480-958676864-519521001-1001\$IRERWXX.json"
"$IYX4CIS.chpl",".chpl","142","2026-01-18T06:05:11.4333128-06:00","D:\$RECYCLE.BIN\S-1-5-21-741873480-958676864-519521001-1001\$IYX4CIS.chpl"
"$I7SLKRY.chpl",".chpl","142","2026-01-18T05:54:54.5527667-06:00","D:\$RECYCLE.BIN\S-1-5-21-741873480-958676864-519521001-1001\$I7SLKRY.chpl"
"$IKDOAVA.chpl",".chpl","140","2026-01-18T05:54:37.8893776-06:00","D:\$RECYCLE.BIN\S-1-5-21-741873480-958676864-519521001-1001\$IKDOAVA.chpl"
"$I6SPSW1.chpl",".chpl","140","2026-01-18T05:57:23.3374609-06:00","D:\$RECYCLE.BIN\S-1-5-21-741873480-958676864-519521001-1001\$I6SPSW1.chpl"
"$ICB9JH5.chpl",".chpl","140","2026-01-18T05:54:52.4394663-06:00","D:\$RECYCLE.BIN\S-1-5-21-741873480-958676864-519521001-1001\$ICB9JH5.chpl"
"$IOIBVMN.py",".py","140","2026-01-18T02:27:41.3678845-06:00","D:\$RECYCLE.BIN\S-1-5-21-741873480-958676864-519521001-1001\$IOIBVMN.py"
"$ICSLA45.chpl",".chpl","140","2026-01-18T05:54:25.6146356-06:00","D:\$RECYCLE.BIN\S-1-5-21-741873480-958676864-519521001-1001\$ICSLA45.chpl"
"$INFDJBY.json",".json","140","2026-01-18T17:17:16.4049526-06:00","D:\$RECYCLE.BIN\S-1-5-21-741873480-958676864-519521001-1001\$INFDJBY.json"
"$IVGTC71.chpl",".chpl","140","2026-01-18T06:06:28.1409025-06:00","D:\$RECYCLE.BIN\S-1-5-21-741873480-958676864-519521001-1001\$IVGTC71.chpl"
"$IR61179.chpl",".chpl","140","2026-01-18T05:57:15.4493165-06:00","D:\$RECYCLE.BIN\S-1-5-21-741873480-958676864-519521001-1001\$IR61179.chpl"
"$IIT4HC4","","140","2026-01-16T18:49:57.2391541-06:00","D:\$RECYCLE.BIN\S-1-5-21-741873480-958676864-519521001-1001\$IIT4HC4"
"$I34Q6Q5","","138","2026-01-16T18:49:45.7788184-06:00","D:\$RECYCLE.BIN\S-1-5-21-741873480-958676864-519521001-1001\$I34Q6Q5"
"$ID55J13.json",".json","138","2026-01-16T04:14:41.7844872-06:00","D:\$RECYCLE.BIN\S-1-5-21-741873480-958676864-519521001-1001\$ID55J13.json"
"$RFET4BA.chpl",".chpl","138","2026-01-18T05:52:29.3573605-06:00","D:\$RECYCLE.BIN\S-1-5-21-741873480-958676864-519521001-1001\$RFET4BA.chpl"
"$IQ6RR3Y.txt",".txt","138","2026-01-23T18:59:48.4588677-06:00","D:\$RECYCLE.BIN\S-1-5-21-741873480-958676864-519521001-1001\$IQ6RR3Y.txt"
"$IP4DG6P.py",".py","138","2026-01-23T20:32:47.3041411-06:00","D:\$RECYCLE.BIN\S-1-5-21-741873480-958676864-519521001-1001\$IP4DG6P.py"
"$IN4VCJE","","138","2026-01-16T18:49:45.8314176-06:00","D:\$RECYCLE.BIN\S-1-5-21-741873480-958676864-519521001-1001\$IN4VCJE"
"$I73F0ZI.py",".py","138","2026-01-18T02:27:41.2613321-06:00","D:\$RECYCLE.BIN\S-1-5-21-741873480-958676864-519521001-1001\$I73F0ZI.py"
"$IL8ZEXB.log",".log","138","2026-01-18T06:06:20.0286932-06:00","D:\$RECYCLE.BIN\S-1-5-21-741873480-958676864-519521001-1001\$IL8ZEXB.log"
"$IUX8BX5.py",".py","138","2026-01-23T18:59:57.9985681-06:00","D:\$RECYCLE.BIN\S-1-5-21-741873480-958676864-519521001-1001\$IUX8BX5.py"
"$INHTQCO.md",".md","136","2026-01-18T17:17:16.6639413-06:00","D:\$RECYCLE.BIN\S-1-5-21-741873480-958676864-519521001-1001\$INHTQCO.md"
"$ICYNX0D.py",".py","136","2026-01-23T18:59:57.4641153-06:00","D:\$RECYCLE.BIN\S-1-5-21-741873480-958676864-519521001-1001\$ICYNX0D.py"
"$IHY1MTA.md",".md","136","2026-01-18T09:16:38.3322754-06:00","D:\$RECYCLE.BIN\S-1-5-21-741873480-958676864-519521001-1001\$IHY1MTA.md"
"$IDDA971.md",".md","136","2026-01-23T18:59:48.1400890-06:00","D:\$RECYCLE.BIN\S-1-5-21-741873480-958676864-519521001-1001\$IDDA971.md"
"$I7KACV6","","136","2026-01-18T09:18:41.9982125-06:00","D:\$RECYCLE.BIN\S-1-5-21-741873480-958676864-519521001-1001\$I7KACV6"
"$IWWFLE8.chpl",".chpl","136","2026-01-18T05:54:59.3273387-06:00","D:\$RECYCLE.BIN\S-1-5-21-741873480-958676864-519521001-1001\$IWWFLE8.chpl"
"$IFT7R6C","","136","2026-01-16T18:49:45.6576092-06:00","D:\$RECYCLE.BIN\S-1-5-21-741873480-958676864-519521001-1001\$IFT7R6C"
"$IEEMCYV.json",".json","136","2026-01-24T01:31:40.6546159-06:00","D:\$RECYCLE.BIN\S-1-5-21-741873480-958676864-519521001-1001\$IEEMCYV.json"
"$I8SBVGY","","136","2026-01-16T18:48:33.0185257-06:00","D:\$RECYCLE.BIN\S-1-5-21-741873480-958676864-519521001-1001\$I8SBVGY"
"$IFJ3CQL.py",".py","136","2026-01-23T19:00:10.1252900-06:00","D:\$RECYCLE.BIN\S-1-5-21-741873480-958676864-519521001-1001\$IFJ3CQL.py"
"$IN4AP4S.chpl",".chpl","136","2026-01-18T06:05:11.5480332-06:00","D:\$RECYCLE.BIN\S-1-5-21-741873480-958676864-519521001-1001\$IN4AP4S.chpl"
"$IA6M4ZQ.ps1",".ps1","134","2026-01-24T01:32:00.4972985-06:00","D:\$RECYCLE.BIN\S-1-5-21-741873480-958676864-519521001-1001\$IA6M4ZQ.ps1"
"$IOMY8TJ.chpl",".chpl","134","2026-01-18T06:06:33.2393485-06:00","D:\$RECYCLE.BIN\S-1-5-21-741873480-958676864-519521001-1001\$IOMY8TJ.chpl"
"$IC9WG8I.chpl",".chpl","134","2026-01-18T05:54:29.9089601-06:00","D:\$RECYCLE.BIN\S-1-5-21-741873480-958676864-519521001-1001\$IC9WG8I.chpl"
"$IO2Q8GA.md",".md","134","2026-01-18T17:17:16.2464572-06:00","D:\$RECYCLE.BIN\S-1-5-21-741873480-958676864-519521001-1001\$IO2Q8GA.md"
"$IWJWGAK.json",".json","132","2026-01-18T17:17:16.1462793-06:00","D:\$RECYCLE.BIN\S-1-5-21-741873480-958676864-519521001-1001\$IWJWGAK.json"
"$I0NGTBJ.md",".md","132","2026-01-18T17:17:16.5016144-06:00","D:\$RECYCLE.BIN\S-1-5-21-741873480-958676864-519521001-1001\$I0NGTBJ.md"
"$I8SGJ9G.py",".py","132","2026-01-23T18:59:48.6736315-06:00","D:\$RECYCLE.BIN\S-1-5-21-741873480-958676864-519521001-1001\$I8SGJ9G.py"
"$I6OHTBG.chpl",".chpl","132","2026-01-18T05:57:19.6699531-06:00","D:\$RECYCLE.BIN\S-1-5-21-741873480-958676864-519521001-1001\$I6OHTBG.chpl"
"$IS12ZC3.chpl",".chpl","132","2026-01-18T05:54:35.5758265-06:00","D:\$RECYCLE.BIN\S-1-5-21-741873480-958676864-519521001-1001\$IS12ZC3.chpl"
"$IUGQ3BS.chpl",".chpl","132","2026-01-18T06:06:36.2517325-06:00","D:\$RECYCLE.BIN\S-1-5-21-741873480-958676864-519521001-1001\$IUGQ3BS.chpl"
"$II59VPK.ps1",".ps1","132","2026-01-24T01:32:00.8588995-06:00","D:\$RECYCLE.BIN\S-1-5-21-741873480-958676864-519521001-1001\$II59VPK.ps1"
"$IQLHPL5.chpl",".chpl","132","2026-01-18T05:54:23.1759766-06:00","D:\$RECYCLE.BIN\S-1-5-21-741873480-958676864-519521001-1001\$IQLHPL5.chpl"
"$IME90SI.md",".md","132","2026-01-18T09:16:38.5271890-06:00","D:\$RECYCLE.BIN\S-1-5-21-741873480-958676864-519521001-1001\$IME90SI.md"
"$IWVKUEW.py",".py","132","2026-01-23T18:59:56.0334022-06:00","D:\$RECYCLE.BIN\S-1-5-21-741873480-958676864-519521001-1001\$IWVKUEW.py"
"$IAMNTGV.chpl",".chpl","130","2026-01-18T06:06:00.5460863-06:00","D:\$RECYCLE.BIN\S-1-5-21-741873480-958676864-519521001-1001\$IAMNTGV.chpl"
"$I4L81C8.chpl",".chpl","130","2026-01-18T06:05:16.4901392-06:00","D:\$RECYCLE.BIN\S-1-5-21-741873480-958676864-519521001-1001\$I4L81C8.chpl"
"$IBV0CIM.chpl",".chpl","130","2026-01-18T05:54:44.0467703-06:00","D:\$RECYCLE.BIN\S-1-5-21-741873480-958676864-519521001-1001\$IBV0CIM.chpl"
"$IK3SHNO.md",".md","130","2026-01-18T17:17:16.5688711-06:00","D:\$RECYCLE.BIN\S-1-5-21-741873480-958676864-519521001-1001\$IK3SHNO.md"
"$IVYAHTX.py",".py","130","2026-01-23T20:32:46.9337790-06:00","D:\$RECYCLE.BIN\S-1-5-21-741873480-958676864-519521001-1001\$IVYAHTX.py"
"$IFET4BA.chpl",".chpl","130","2026-01-18T05:54:46.6563620-06:00","D:\$RECYCLE.BIN\S-1-5-21-741873480-958676864-519521001-1001\$IFET4BA.chpl"
"$IRQPFFL.py",".py","130","2026-01-23T18:59:53.8635430-06:00","D:\$RECYCLE.BIN\S-1-5-21-741873480-958676864-519521001-1001\$IRQPFFL.py"
"$I4G93L1.json",".json","130","2026-01-18T17:17:15.7716933-06:00","D:\$RECYCLE.BIN\S-1-5-21-741873480-958676864-519521001-1001\$I4G93L1.json"
"$I9NKKR2.txt",".txt","130","2026-01-23T18:59:48.5672178-06:00","D:\$RECYCLE.BIN\S-1-5-21-741873480-958676864-519521001-1001\$I9NKKR2.txt"
"$I5MS5VP.json",".json","130","2026-01-18T17:17:16.0753693-06:00","D:\$RECYCLE.BIN\S-1-5-21-741873480-958676864-519521001-1001\$I5MS5VP.json"
"$IGXEV3W.patch",".patch","130","2026-01-23T19:00:09.2698324-06:00","D:\$RECYCLE.BIN\S-1-5-21-741873480-958676864-519521001-1001\$IGXEV3W.patch"
"desktop.ini",".ini","129","2026-01-11T04:37:15.6402890-06:00","D:\$RECYCLE.BIN\S-1-5-21-741873480-958676864-519521001-1001\desktop.ini"
"$IHGJFHW.md",".md","128","2026-01-18T17:17:15.6860309-06:00","D:\$RECYCLE.BIN\S-1-5-21-741873480-958676864-519521001-1001\$IHGJFHW.md"
"$IF6W9T9.md",".md","128","2026-01-18T17:17:16.1981184-06:00","D:\$RECYCLE.BIN\S-1-5-21-741873480-958676864-519521001-1001\$IF6W9T9.md"
"$IALLU2F.ps1",".ps1","128","2026-01-16T04:15:32.8378374-06:00","D:\$RECYCLE.BIN\S-1-5-21-741873480-958676864-519521001-1001\$IALLU2F.ps1"
"$INF5OPU.ps1",".ps1","128","2026-01-23T18:59:52.9706786-06:00","D:\$RECYCLE.BIN\S-1-5-21-741873480-958676864-519521001-1001\$INF5OPU.ps1"
"$INNKU0Z.bat",".bat","128","2026-01-23T18:59:56.8342400-06:00","D:\$RECYCLE.BIN\S-1-5-21-741873480-958676864-519521001-1001\$INNKU0Z.bat"
"$ISVBBRZ.md",".md","128","2026-01-23T18:59:58.2994964-06:00","D:\$RECYCLE.BIN\S-1-5-21-741873480-958676864-519521001-1001\$ISVBBRZ.md"
"$IBUISFP.bat",".bat","128","2026-01-23T18:59:53.3036766-06:00","D:\$RECYCLE.BIN\S-1-5-21-741873480-958676864-519521001-1001\$IBUISFP.bat"
"$IFWVCQA.ps1",".ps1","126","2026-01-16T04:14:54.8546732-06:00","D:\$RECYCLE.BIN\S-1-5-21-741873480-958676864-519521001-1001\$IFWVCQA.ps1"
"$IORHH14.txt",".txt","126","2026-01-18T09:21:28.9524517-06:00","D:\$RECYCLE.BIN\S-1-5-21-741873480-958676864-519521001-1001\$IORHH14.txt"
"$I1Q1JZA.md",".md","126","2026-01-18T17:17:15.9908683-06:00","D:\$RECYCLE.BIN\S-1-5-21-741873480-958676864-519521001-1001\$I1Q1JZA.md"
"$IPN1JL6.md",".md","124","2026-01-18T17:17:16.6200499-06:00","D:\$RECYCLE.BIN\S-1-5-21-741873480-958676864-519521001-1001\$IPN1JL6.md"
"$I6YBMDK.ps1",".ps1","124","2026-01-16T04:15:32.3743416-06:00","D:\$RECYCLE.BIN\S-1-5-21-741873480-958676864-519521001-1001\$I6YBMDK.ps1"
"$I8RFQPF.html",".html","124","2026-01-18T01:50:14.0338864-06:00","D:\$RECYCLE.BIN\S-1-5-21-741873480-958676864-519521001-1001\$I8RFQPF.html"
"$IA7SXLH.jl",".jl","124","2026-01-18T17:17:21.7137528-06:00","D:\$RECYCLE.BIN\S-1-5-21-741873480-958676864-519521001-1001\$IA7SXLH.jl"
"$IAKR2CP.ps1",".ps1","124","2026-01-24T01:32:00.7570112-06:00","D:\$RECYCLE.BIN\S-1-5-21-741873480-958676864-519521001-1001\$IAKR2CP.ps1"
"$IOEFXDQ.chpl",".chpl","124","2026-01-18T06:05:11.3014113-06:00","D:\$RECYCLE.BIN\S-1-5-21-741873480-958676864-519521001-1001\$IOEFXDQ.chpl"
"$IUK6B51.py",".py","124","2026-01-23T18:59:52.7287482-06:00","D:\$RECYCLE.BIN\S-1-5-21-741873480-958676864-519521001-1001\$IUK6B51.py"
"$IBX5T2A.mojo",".mojo","124","2026-01-23T20:32:47.3708284-06:00","D:\$RECYCLE.BIN\S-1-5-21-741873480-958676864-519521001-1001\$IBX5T2A.mojo"
"$IDHUIX0.md",".md","124","2026-01-18T17:17:16.8402534-06:00","D:\$RECYCLE.BIN\S-1-5-21-741873480-958676864-519521001-1001\$IDHUIX0.md"
"$I6UN81Q.md",".md","122","2026-01-18T17:17:15.9073294-06:00","D:\$RECYCLE.BIN\S-1-5-21-741873480-958676864-519521001-1001\$I6UN81Q.md"
"$I4LFE9K.ps1",".ps1","122","2026-01-18T01:29:32.4008413-06:00","D:\$RECYCLE.BIN\S-1-5-21-741873480-958676864-519521001-1001\$I4LFE9K.ps1"
"$IOUJEMT.py",".py","122","2026-01-18T01:50:13.6785221-06:00","D:\$RECYCLE.BIN\S-1-5-21-741873480-958676864-519521001-1001\$IOUJEMT.py"
"$I5CCURW.ps1",".ps1","120","2026-01-16T04:14:55.3335049-06:00","D:\$RECYCLE.BIN\S-1-5-21-741873480-958676864-519521001-1001\$I5CCURW.ps1"
"$IZZD9TW.lock",".lock","120","2026-01-23T19:00:09.7986337-06:00","D:\$RECYCLE.BIN\S-1-5-21-741873480-958676864-519521001-1001\$IZZD9TW.lock"
"$IF2YPUD.md",".md","120","2026-01-18T01:50:13.5695682-06:00","D:\$RECYCLE.BIN\S-1-5-21-741873480-958676864-519521001-1001\$IF2YPUD.md"
"$IEHUP2F.py",".py","120","2026-01-23T19:00:07.2841249-06:00","D:\$RECYCLE.BIN\S-1-5-21-741873480-958676864-519521001-1001\$IEHUP2F.py"
"$RTYS7SG.bat",".bat","119","2026-01-17T20:54:25.7193003-06:00","D:\$RECYCLE.BIN\S-1-5-21-741873480-958676864-519521001-1001\$RTYS7SG.bat"
"$IMGGOYI.md",".md","118","2026-01-23T19:00:08.6489894-06:00","D:\$RECYCLE.BIN\S-1-5-21-741873480-958676864-519521001-1001\$IMGGOYI.md"
"$IRF7914.ini",".ini","118","2026-01-23T18:59:47.9339575-06:00","D:\$RECYCLE.BIN\S-1-5-21-741873480-958676864-519521001-1001\$IRF7914.ini"
"$RNSYTY3.json",".json","118","2026-01-15T16:51:47.6746991-06:00","D:\$RECYCLE.BIN\S-1-5-21-741873480-958676864-519521001-1001\$RNSYTY3.json"
"$I1BFCEH.ps1",".ps1","118","2026-01-16T04:14:55.5061236-06:00","D:\$RECYCLE.BIN\S-1-5-21-741873480-958676864-519521001-1001\$I1BFCEH.ps1"
"$ITGARUK.md",".md","118","2026-01-18T17:17:16.7124618-06:00","D:\$RECYCLE.BIN\S-1-5-21-741873480-958676864-519521001-1001\$ITGARUK.md"
"$RGJ6Y17.py",".py","118","2026-01-23T19:52:17.0144452-06:00","D:\$RECYCLE.BIN\S-1-5-21-741873480-958676864-519521001-1001\$RGJ6Y17.py"
"$I5QVPQB","","116","2026-01-17T00:49:42.4464771-06:00","D:\$RECYCLE.BIN\S-1-5-21-741873480-958676864-519521001-1001\$I5QVPQB"
"$IZ5F4KR.md",".md","116","2026-01-18T17:17:16.7668774-06:00","D:\$RECYCLE.BIN\S-1-5-21-741873480-958676864-519521001-1001\$IZ5F4KR.md"
"$IYW67AK.py",".py","116","2026-01-18T09:16:38.4160285-06:00","D:\$RECYCLE.BIN\S-1-5-21-741873480-958676864-519521001-1001\$IYW67AK.py"
"$IGJOY7R.md",".md","116","2026-01-23T18:59:48.2365244-06:00","D:\$RECYCLE.BIN\S-1-5-21-741873480-958676864-519521001-1001\$IGJOY7R.md"
"$IWUIEY6.ps1",".ps1","116","2026-01-24T01:32:00.6092391-06:00","D:\$RECYCLE.BIN\S-1-5-21-741873480-958676864-519521001-1001\$IWUIEY6.ps1"
"$ISQHETJ.ps1",".ps1","114","2026-01-24T01:32:00.8095943-06:00","D:\$RECYCLE.BIN\S-1-5-21-741873480-958676864-519521001-1001\$ISQHETJ.ps1"
"$IDU6V7B.ps1",".ps1","114","2026-01-16T04:14:55.4440891-06:00","D:\$RECYCLE.BIN\S-1-5-21-741873480-958676864-519521001-1001\$IDU6V7B.ps1"
"$IBY07ON.md",".md","114","2026-01-24T00:39:31.0365643-06:00","D:\$RECYCLE.BIN\S-1-5-21-741873480-958676864-519521001-1001\$IBY07ON.md"
"$IXPNCTH.py",".py","114","2026-01-23T20:53:43.4654754-06:00","D:\$RECYCLE.BIN\S-1-5-21-741873480-958676864-519521001-1001\$IXPNCTH.py"
"$IGSKR7Z.ps1",".ps1","114","2026-01-16T04:15:32.7326607-06:00","D:\$RECYCLE.BIN\S-1-5-21-741873480-958676864-519521001-1001\$IGSKR7Z.ps1"
"$IJX4OS1.gitattributes",".gitattributes","114","2026-01-23T20:32:47.4665661-06:00","D:\$RECYCLE.BIN\S-1-5-21-741873480-958676864-519521001-1001\$IJX4OS1.gitattributes"
"$IQZP63Y.github",".github","114","2026-01-17T00:41:07.2568318-06:00","D:\$RECYCLE.BIN\S-1-5-21-741873480-958676864-519521001-1001\$IQZP63Y.github"
"$IHNBL38.py",".py","112","2026-01-18T01:50:14.0897828-06:00","D:\$RECYCLE.BIN\S-1-5-21-741873480-958676864-519521001-1001\$IHNBL38.py"
"$IHR1CIP.agent",".agent","112","2026-01-17T00:41:07.4687515-06:00","D:\$RECYCLE.BIN\S-1-5-21-741873480-958676864-519521001-1001\$IHR1CIP.agent"
"$I4KFAER.ps1",".ps1","112","2026-01-18T01:29:32.3567357-06:00","D:\$RECYCLE.BIN\S-1-5-21-741873480-958676864-519521001-1001\$I4KFAER.ps1"
"$IIVWNA3.ps1",".ps1","112","2026-01-16T04:15:32.5986322-06:00","D:\$RECYCLE.BIN\S-1-5-21-741873480-958676864-519521001-1001\$IIVWNA3.ps1"
"$I6BPA1I.md",".md","112","2026-01-23T20:53:44.4286179-06:00","D:\$RECYCLE.BIN\S-1-5-21-741873480-958676864-519521001-1001\$I6BPA1I.md"
"$IVI551T.ps1",".ps1","112","2026-01-18T01:29:32.3947358-06:00","D:\$RECYCLE.BIN\S-1-5-21-741873480-958676864-519521001-1001\$IVI551T.ps1"
"$INGPZPA.py",".py","112","2026-01-23T19:00:08.2489791-06:00","D:\$RECYCLE.BIN\S-1-5-21-741873480-958676864-519521001-1001\$INGPZPA.py"
"$IM537E2.ps1",".ps1","112","2026-01-16T04:14:55.1984403-06:00","D:\$RECYCLE.BIN\S-1-5-21-741873480-958676864-519521001-1001\$IM537E2.ps1"
"$I8FSFZC.pdb",".pdb","110","2026-01-23T23:17:13.2535644-06:00","D:\$RECYCLE.BIN\S-1-5-21-741873480-958676864-519521001-1001\$I8FSFZC.pdb"
"$IMBBFJV.json",".json","110","2026-01-18T01:50:13.9873213-06:00","D:\$RECYCLE.BIN\S-1-5-21-741873480-958676864-519521001-1001\$IMBBFJV.json"
"$IPC9E9F.py",".py","108","2026-01-18T01:50:13.9200278-06:00","D:\$RECYCLE.BIN\S-1-5-21-741873480-958676864-519521001-1001\$IPC9E9F.py"
"$IOVSM07.py",".py","108","2026-01-23T23:17:13.4262004-06:00","D:\$RECYCLE.BIN\S-1-5-21-741873480-958676864-519521001-1001\$IOVSM07.py"
"$IHLFRGU.py",".py","108","2026-01-23T23:17:13.3128749-06:00","D:\$RECYCLE.BIN\S-1-5-21-741873480-958676864-519521001-1001\$IHLFRGU.py"
"$IXVZ3DJ.py",".py","108","2026-01-23T23:17:13.0425149-06:00","D:\$RECYCLE.BIN\S-1-5-21-741873480-958676864-519521001-1001\$IXVZ3DJ.py"
"$ICY7GNG.ps1",".ps1","108","2026-01-16T04:14:55.1105894-06:00","D:\$RECYCLE.BIN\S-1-5-21-741873480-958676864-519521001-1001\$ICY7GNG.ps1"
"$IQH42WK.md",".md","108","2026-01-24T00:13:02.1233698-06:00","D:\$RECYCLE.BIN\S-1-5-21-741873480-958676864-519521001-1001\$IQH42WK.md"
"$IUKINRM.py",".py","108","2026-01-23T23:17:12.6555702-06:00","D:\$RECYCLE.BIN\S-1-5-21-741873480-958676864-519521001-1001\$IUKINRM.py"
"$ILVBDQ9.py",".py","108","2026-01-18T01:50:13.7414299-06:00","D:\$RECYCLE.BIN\S-1-5-21-741873480-958676864-519521001-1001\$ILVBDQ9.py"
"$IREL5IF.ps1",".ps1","108","2026-01-24T00:13:02.5765568-06:00","D:\$RECYCLE.BIN\S-1-5-21-741873480-958676864-519521001-1001\$IREL5IF.ps1"
"$IDZZOD5.ps1",".ps1","108","2026-01-16T04:15:32.6726703-06:00","D:\$RECYCLE.BIN\S-1-5-21-741873480-958676864-519521001-1001\$IDZZOD5.ps1"
"$IOPSX25.ps1",".ps1","106","2026-01-24T00:13:02.5259126-06:00","D:\$RECYCLE.BIN\S-1-5-21-741873480-958676864-519521001-1001\$IOPSX25.ps1"
"$I2XTOB4.ps1",".ps1","106","2026-01-18T09:17:17.6952642-06:00","D:\$RECYCLE.BIN\S-1-5-21-741873480-958676864-519521001-1001\$I2XTOB4.ps1"
"$II1N5B0.py",".py","106","2026-01-18T01:50:14.0619036-06:00","D:\$RECYCLE.BIN\S-1-5-21-741873480-958676864-519521001-1001\$II1N5B0.py"
"$IC7PKII.md",".md","106","2026-01-24T00:39:31.2343821-06:00","D:\$RECYCLE.BIN\S-1-5-21-741873480-958676864-519521001-1001\$IC7PKII.md"
"$IVFYVDX","","106","2026-01-18T17:17:21.5547956-06:00","D:\$RECYCLE.BIN\S-1-5-21-741873480-958676864-519521001-1001\$IVFYVDX"
"$INJ9LU6.ps1",".ps1","106","2026-01-17T01:31:13.1153520-06:00","D:\$RECYCLE.BIN\S-1-5-21-741873480-958676864-519521001-1001\$INJ9LU6.ps1"
"$IDQKLL7","","106","2026-01-16T07:56:58.7121843-06:00","D:\$RECYCLE.BIN\S-1-5-21-741873480-958676864-519521001-1001\$IDQKLL7"
"$IGNGWZD.py",".py","106","2026-01-18T01:50:13.8237184-06:00","D:\$RECYCLE.BIN\S-1-5-21-741873480-958676864-519521001-1001\$IGNGWZD.py"
"$IVRKYGU","","106","2026-01-18T08:51:31.2771570-06:00","D:\$RECYCLE.BIN\S-1-5-21-741873480-958676864-519521001-1001\$IVRKYGU"
"$IAH86H1.ps1",".ps1","104","2026-01-18T01:29:32.3792628-06:00","D:\$RECYCLE.BIN\S-1-5-21-741873480-958676864-519521001-1001\$IAH86H1.ps1"
"$I5SN855.py",".py","104","2026-01-18T01:50:13.7820060-06:00","D:\$RECYCLE.BIN\S-1-5-21-741873480-958676864-519521001-1001\$I5SN855.py"
"$I6HLTYP.ps1",".ps1","104","2026-01-18T01:50:13.9566957-06:00","D:\$RECYCLE.BIN\S-1-5-21-741873480-958676864-519521001-1001\$I6HLTYP.ps1"
"$IPA15MS","","104","2026-01-18T17:17:15.1984770-06:00","D:\$RECYCLE.BIN\S-1-5-21-741873480-958676864-519521001-1001\$IPA15MS"
"$IUSG1XN.ps1",".ps1","104","2026-01-24T00:39:30.8691025-06:00","D:\$RECYCLE.BIN\S-1-5-21-741873480-958676864-519521001-1001\$IUSG1XN.ps1"
"$I4D1GO9.md",".md","104","2026-01-23T20:53:44.5080758-06:00","D:\$RECYCLE.BIN\S-1-5-21-741873480-958676864-519521001-1001\$I4D1GO9.md"
"$ISXICEJ.md",".md","104","2026-01-23T20:32:47.4338271-06:00","D:\$RECYCLE.BIN\S-1-5-21-741873480-958676864-519521001-1001\$ISXICEJ.md"
"$IW7CXC0.ps1",".ps1","104","2026-01-16T04:14:55.3955247-06:00","D:\$RECYCLE.BIN\S-1-5-21-741873480-958676864-519521001-1001\$IW7CXC0.ps1"
"$IQ9QBO1.ps1",".ps1","104","2026-01-17T01:31:13.3372360-06:00","D:\$RECYCLE.BIN\S-1-5-21-741873480-958676864-519521001-1001\$IQ9QBO1.ps1"
"$IZ5PVXG","","102","2026-01-18T17:17:21.6418988-06:00","D:\$RECYCLE.BIN\S-1-5-21-741873480-958676864-519521001-1001\$IZ5PVXG"
"$IB6QAJC.py",".py","102","2026-01-23T23:17:13.1169659-06:00","D:\$RECYCLE.BIN\S-1-5-21-741873480-958676864-519521001-1001\$IB6QAJC.py"
"$IB7650M.py",".py","102","2026-01-24T00:39:31.3727687-06:00","D:\$RECYCLE.BIN\S-1-5-21-741873480-958676864-519521001-1001\$IB7650M.py"
"$IX1CXE5.py",".py","102","2026-01-24T00:39:29.7380057-06:00","D:\$RECYCLE.BIN\S-1-5-21-741873480-958676864-519521001-1001\$IX1CXE5.py"
"$IOGRBU9.json",".json","102","2026-01-24T00:48:18.9269116-06:00","D:\$RECYCLE.BIN\S-1-5-21-741873480-958676864-519521001-1001\$IOGRBU9.json"
"$IVH1AWA.ps1",".ps1","102","2026-01-18T01:29:34.6843432-06:00","D:\$RECYCLE.BIN\S-1-5-21-741873480-958676864-519521001-1001\$IVH1AWA.ps1"
"$I8CCXB5.ps1",".ps1","102","2026-01-24T01:32:00.7068284-06:00","D:\$RECYCLE.BIN\S-1-5-21-741873480-958676864-519521001-1001\$I8CCXB5.ps1"
"$IUWLDVH.md",".md","100","2026-01-23T23:17:13.1944107-06:00","D:\$RECYCLE.BIN\S-1-5-21-741873480-958676864-519521001-1001\$IUWLDVH.md"
"$I923V9R.ps1",".ps1","100","2026-01-18T01:29:32.3866875-06:00","D:\$RECYCLE.BIN\S-1-5-21-741873480-958676864-519521001-1001\$I923V9R.ps1"
"$IP4690V.ps1",".ps1","98","2026-01-16T04:15:32.7863596-06:00","D:\$RECYCLE.BIN\S-1-5-21-741873480-958676864-519521001-1001\$IP4690V.ps1"
"$I2ACJ65.ps1",".ps1","98","2026-01-18T09:17:17.3317842-06:00","D:\$RECYCLE.BIN\S-1-5-21-741873480-958676864-519521001-1001\$I2ACJ65.ps1"
"$IPZ8DU7.ps1",".ps1","98","2026-01-18T09:17:17.4249765-06:00","D:\$RECYCLE.BIN\S-1-5-21-741873480-958676864-519521001-1001\$IPZ8DU7.ps1"
"$IRECN8D.ps1",".ps1","98","2026-01-18T09:17:17.5439653-06:00","D:\$RECYCLE.BIN\S-1-5-21-741873480-958676864-519521001-1001\$IRECN8D.ps1"
"$I9A7GJD.py",".py","98","2026-01-18T01:50:13.8814705-06:00","D:\$RECYCLE.BIN\S-1-5-21-741873480-958676864-519521001-1001\$I9A7GJD.py"
"$I1JB5HU.py",".py","98","2026-01-23T20:32:47.2424922-06:00","D:\$RECYCLE.BIN\S-1-5-21-741873480-958676864-519521001-1001\$I1JB5HU.py"
"$ITZZ3K0.ps1",".ps1","98","2026-01-23T20:53:43.8918474-06:00","D:\$RECYCLE.BIN\S-1-5-21-741873480-958676864-519521001-1001\$ITZZ3K0.ps1"
"$IE62MGS.ps1",".ps1","98","2026-01-24T00:39:30.4181770-06:00","D:\$RECYCLE.BIN\S-1-5-21-741873480-958676864-519521001-1001\$IE62MGS.ps1"
"$I1BNJ2H.ps1",".ps1","98","2026-01-18T09:17:17.5033870-06:00","D:\$RECYCLE.BIN\S-1-5-21-741873480-958676864-519521001-1001\$I1BNJ2H.ps1"
"$ILZRSRU.gemini",".gemini","98","2026-01-18T09:16:38.1316932-06:00","D:\$RECYCLE.BIN\S-1-5-21-741873480-958676864-519521001-1001\$ILZRSRU.gemini"
"$IJJY2Y9.ps1",".ps1","98","2026-01-24T00:39:30.1196257-06:00","D:\$RECYCLE.BIN\S-1-5-21-741873480-958676864-519521001-1001\$IJJY2Y9.ps1"
"$IEW9HRE.agent",".agent","96","2026-01-18T09:16:38.0526878-06:00","D:\$RECYCLE.BIN\S-1-5-21-741873480-958676864-519521001-1001\$IEW9HRE.agent"
"$ICG7OP3.ps1",".ps1","96","2026-01-24T00:39:30.5205305-06:00","D:\$RECYCLE.BIN\S-1-5-21-741873480-958676864-519521001-1001\$ICG7OP3.ps1"
"$IOJXO7M.py",".py","96","2026-01-24T00:39:31.1572806-06:00","D:\$RECYCLE.BIN\S-1-5-21-741873480-958676864-519521001-1001\$IOJXO7M.py"
"$IX4DCYM.md",".md","96","2026-01-23T20:53:44.3299023-06:00","D:\$RECYCLE.BIN\S-1-5-21-741873480-958676864-519521001-1001\$IX4DCYM.md"
"$IFCDII3","","96","2026-01-18T09:16:22.0742172-06:00","D:\$RECYCLE.BIN\S-1-5-21-741873480-958676864-519521001-1001\$IFCDII3"
"$II04IY4.ps1",".ps1","96","2026-01-23T20:53:43.8207079-06:00","D:\$RECYCLE.BIN\S-1-5-21-741873480-958676864-519521001-1001\$II04IY4.ps1"
"$IFHHPKH.md",".md","96","2026-01-23T20:53:44.2474952-06:00","D:\$RECYCLE.BIN\S-1-5-21-741873480-958676864-519521001-1001\$IFHHPKH.md"
"$IX20X7E.py",".py","96","2026-01-23T20:53:43.9573812-06:00","D:\$RECYCLE.BIN\S-1-5-21-741873480-958676864-519521001-1001\$IX20X7E.py"
"$IMSN3U7.py",".py","94","2026-01-24T00:39:30.3330494-06:00","D:\$RECYCLE.BIN\S-1-5-21-741873480-958676864-519521001-1001\$IMSN3U7.py"
"$I97OUH1.md",".md","94","2026-01-18T17:17:15.6128857-06:00","D:\$RECYCLE.BIN\S-1-5-21-741873480-958676864-519521001-1001\$I97OUH1.md"
"$IBI9Q0H.bat",".bat","94","2026-01-18T09:17:42.9416343-06:00","D:\$RECYCLE.BIN\S-1-5-21-741873480-958676864-519521001-1001\$IBI9Q0H.bat"
"$IV0IEZ0.md",".md","94","2026-01-24T00:39:30.9588235-06:00","D:\$RECYCLE.BIN\S-1-5-21-741873480-958676864-519521001-1001\$IV0IEZ0.md"
"$I7A8DH3.py",".py","94","2026-01-23T20:53:43.4181305-06:00","D:\$RECYCLE.BIN\S-1-5-21-741873480-958676864-519521001-1001\$I7A8DH3.py"
"$I5JOPYH.py",".py","94","2026-01-23T20:53:44.0884387-06:00","D:\$RECYCLE.BIN\S-1-5-21-741873480-958676864-519521001-1001\$I5JOPYH.py"
"$ISZXKQ1","","94","2026-01-23T20:32:47.5085995-06:00","D:\$RECYCLE.BIN\S-1-5-21-741873480-958676864-519521001-1001\$ISZXKQ1"
"$ISXWAIT.ps1",".ps1","94","2026-01-18T09:17:17.6045006-06:00","D:\$RECYCLE.BIN\S-1-5-21-741873480-958676864-519521001-1001\$ISXWAIT.ps1"
"$I4DN71J.bat",".bat","94","2026-01-18T09:17:42.7839440-06:00","D:\$RECYCLE.BIN\S-1-5-21-741873480-958676864-519521001-1001\$I4DN71J.bat"
"$IOJ68UB.ps1",".ps1","94","2026-01-17T01:31:13.5195883-06:00","D:\$RECYCLE.BIN\S-1-5-21-741873480-958676864-519521001-1001\$IOJ68UB.ps1"
"$IMC85YS.md",".md","94","2026-01-24T00:13:02.4668771-06:00","D:\$RECYCLE.BIN\S-1-5-21-741873480-958676864-519521001-1001\$IMC85YS.md"
"$IQ0BOGD.py",".py","94","2026-01-23T20:53:43.6073847-06:00","D:\$RECYCLE.BIN\S-1-5-21-741873480-958676864-519521001-1001\$IQ0BOGD.py"
"$I63J5LT.py",".py","94","2026-01-24T00:13:02.6224905-06:00","D:\$RECYCLE.BIN\S-1-5-21-741873480-958676864-519521001-1001\$I63J5LT.py"
"$ILXQCBB","","92","2026-01-18T09:16:38.2480969-06:00","D:\$RECYCLE.BIN\S-1-5-21-741873480-958676864-519521001-1001\$ILXQCBB"
"$I6NBWMJ.ps1",".ps1","92","2026-01-24T00:39:30.7049711-06:00","D:\$RECYCLE.BIN\S-1-5-21-741873480-958676864-519521001-1001\$I6NBWMJ.ps1"
"$RQ6RR3Y.txt",".txt","91","2026-01-23T11:39:49.8440434-06:00","D:\$RECYCLE.BIN\S-1-5-21-741873480-958676864-519521001-1001\$RQ6RR3Y.txt"
"$IX9Q653.ps1",".ps1","90","2026-01-18T09:17:17.6490134-06:00","D:\$RECYCLE.BIN\S-1-5-21-741873480-958676864-519521001-1001\$IX9Q653.ps1"
"$I17NN0L.py",".py","90","2026-01-24T00:39:30.7864722-06:00","D:\$RECYCLE.BIN\S-1-5-21-741873480-958676864-519521001-1001\$I17NN0L.py"
"$IMFGTW3.py",".py","90","2026-01-23T20:53:43.5385259-06:00","D:\$RECYCLE.BIN\S-1-5-21-741873480-958676864-519521001-1001\$IMFGTW3.py"
"$I8D1BPB.ps1",".ps1","90","2026-01-18T01:29:32.3734485-06:00","D:\$RECYCLE.BIN\S-1-5-21-741873480-958676864-519521001-1001\$I8D1BPB.ps1"
"$IV2SNOV.py",".py","90","2026-01-23T20:53:44.6351000-06:00","D:\$RECYCLE.BIN\S-1-5-21-741873480-958676864-519521001-1001\$IV2SNOV.py"
"$IYPXMGT.py",".py","90","2026-01-23T20:53:43.5066340-06:00","D:\$RECYCLE.BIN\S-1-5-21-741873480-958676864-519521001-1001\$IYPXMGT.py"
"$IC5PE02.py",".py","90","2026-01-23T20:53:44.6740607-06:00","D:\$RECYCLE.BIN\S-1-5-21-741873480-958676864-519521001-1001\$IC5PE02.py"
"$IQ9UJIQ.py",".py","90","2026-01-24T00:39:29.9897728-06:00","D:\$RECYCLE.BIN\S-1-5-21-741873480-958676864-519521001-1001\$IQ9UJIQ.py"
"$IAR8AW8.sh",".sh","88","2026-01-15T14:32:42.9955351-06:00","D:\$RECYCLE.BIN\S-1-5-21-741873480-958676864-519521001-1001\$IAR8AW8.sh"
"$I6UJ4R8.md",".md","88","2026-01-24T00:13:02.3332162-06:00","D:\$RECYCLE.BIN\S-1-5-21-741873480-958676864-519521001-1001\$I6UJ4R8.md"
"$INSYTY3.json",".json","88","2026-01-17T01:31:14.4902558-06:00","D:\$RECYCLE.BIN\S-1-5-21-741873480-958676864-519521001-1001\$INSYTY3.json"
"$ILQ9V91.ps1",".ps1","88","2026-01-16T04:14:54.7752171-06:00","D:\$RECYCLE.BIN\S-1-5-21-741873480-958676864-519521001-1001\$ILQ9V91.ps1"
"$I4LDEGH","","88","2026-01-18T17:17:21.4788114-06:00","D:\$RECYCLE.BIN\S-1-5-21-741873480-958676864-519521001-1001\$I4LDEGH"
"$I3KQHPC.md",".md","88","2026-01-18T09:17:42.9652538-06:00","D:\$RECYCLE.BIN\S-1-5-21-741873480-958676864-519521001-1001\$I3KQHPC.md"
"$IWL1VJH","","88","2026-01-23T18:12:24.6090651-06:00","D:\$RECYCLE.BIN\S-1-5-21-741873480-958676864-519521001-1001\$IWL1VJH"
"$IB4HT93.py",".py","88","2026-01-23T20:53:43.3810666-06:00","D:\$RECYCLE.BIN\S-1-5-21-741873480-958676864-519521001-1001\$IB4HT93.py"
"$IVDMJQS","","86","2026-01-18T09:17:42.9034254-06:00","D:\$RECYCLE.BIN\S-1-5-21-741873480-958676864-519521001-1001\$IVDMJQS"
"$II6DSMI.ps1",".ps1","86","2026-01-18T09:17:17.5677813-06:00","D:\$RECYCLE.BIN\S-1-5-21-741873480-958676864-519521001-1001\$II6DSMI.ps1"
"$ITYS7SG.bat",".bat","86","2026-01-18T01:27:08.0486401-06:00","D:\$RECYCLE.BIN\S-1-5-21-741873480-958676864-519521001-1001\$ITYS7SG.bat"
"$IJ4TMAB.sh",".sh","86","2026-01-13T01:15:32.2586505-06:00","D:\$RECYCLE.BIN\S-1-5-21-741873480-958676864-519521001-1001\$IJ4TMAB.sh"
"$IUGH02K.py",".py","86","2026-01-23T20:53:43.0896913-06:00","D:\$RECYCLE.BIN\S-1-5-21-741873480-958676864-519521001-1001\$IUGH02K.py"
"$I1WWB5Z.py",".py","86","2026-01-24T00:13:02.3823681-06:00","D:\$RECYCLE.BIN\S-1-5-21-741873480-958676864-519521001-1001\$I1WWB5Z.py"
"$I42KPW9","","86","2026-01-18T04:20:39.7797609-06:00","D:\$RECYCLE.BIN\S-1-5-21-741873480-958676864-519521001-1001\$I42KPW9"
"$IW5D669.ps1",".ps1","84","2026-01-17T01:31:13.9791925-06:00","D:\$RECYCLE.BIN\S-1-5-21-741873480-958676864-519521001-1001\$IW5D669.ps1"
"$IG3BZNF.py",".py","84","2026-01-23T20:53:44.0027810-06:00","D:\$RECYCLE.BIN\S-1-5-21-741873480-958676864-519521001-1001\$IG3BZNF.py"
"$IJUK3OR.ps1",".ps1","84","2026-01-13T01:15:32.3747994-06:00","D:\$RECYCLE.BIN\S-1-5-21-741873480-958676864-519521001-1001\$IJUK3OR.ps1"
"$RWSCGBN.carbon",".carbon","83","2026-01-15T15:59:35.2356995-06:00","D:\$RECYCLE.BIN\S-1-5-21-741873480-958676864-519521001-1001\$RWSCGBN.carbon"
"$I89IFMJ.py",".py","82","2026-01-23T20:53:43.3370883-06:00","D:\$RECYCLE.BIN\S-1-5-21-741873480-958676864-519521001-1001\$I89IFMJ.py"
"$IJVYKDX.py",".py","82","2026-01-23T20:53:44.0463318-06:00","D:\$RECYCLE.BIN\S-1-5-21-741873480-958676864-519521001-1001\$IJVYKDX.py"
"$I4XDRPK.py",".py","82","2026-01-23T20:53:43.5789481-06:00","D:\$RECYCLE.BIN\S-1-5-21-741873480-958676864-519521001-1001\$I4XDRPK.py"
"$RBT4IDE.bat",".bat","80","2026-01-17T20:53:43.6285478-06:00","D:\$RECYCLE.BIN\S-1-5-21-741873480-958676864-519521001-1001\$RBT4IDE.bat"
"$I1OLRF4.bat",".bat","80","2026-01-18T01:27:08.5619821-06:00","D:\$RECYCLE.BIN\S-1-5-21-741873480-958676864-519521001-1001\$I1OLRF4.bat"
"$IR3X1ZM","","80","2026-01-23T20:36:12.8057514-06:00","D:\$RECYCLE.BIN\S-1-5-21-741873480-958676864-519521001-1001\$IR3X1ZM"
"$IGJ6Y17.py",".py","80","2026-01-23T20:53:44.7103483-06:00","D:\$RECYCLE.BIN\S-1-5-21-741873480-958676864-519521001-1001\$IGJ6Y17.py"
"$I5ESP46.bat",".bat","80","2026-01-18T01:27:08.3003725-06:00","D:\$RECYCLE.BIN\S-1-5-21-741873480-958676864-519521001-1001\$I5ESP46.bat"
"$IYZOUCW.py",".py","78","2026-01-18T01:27:07.9503278-06:00","D:\$RECYCLE.BIN\S-1-5-21-741873480-958676864-519521001-1001\$IYZOUCW.py"
"$IXSS7E7.ps1",".ps1","78","2026-01-18T01:27:08.3438911-06:00","D:\$RECYCLE.BIN\S-1-5-21-741873480-958676864-519521001-1001\$IXSS7E7.ps1"
"$IERVA29","","78","2026-01-23T11:12:52.7612409-06:00","D:\$RECYCLE.BIN\S-1-5-21-741873480-958676864-519521001-1001\$IERVA29"
"$IBNB1DR.bat",".bat","78","2026-01-18T01:27:07.9999202-06:00","D:\$RECYCLE.BIN\S-1-5-21-741873480-958676864-519521001-1001\$IBNB1DR.bat"
"$I3M3BIB.ps1",".ps1","78","2026-01-18T01:27:08.2042012-06:00","D:\$RECYCLE.BIN\S-1-5-21-741873480-958676864-519521001-1001\$I3M3BIB.ps1"
"$ICXSXR2.py",".py","78","2026-01-23T20:53:49.7114183-06:00","D:\$RECYCLE.BIN\S-1-5-21-741873480-958676864-519521001-1001\$ICXSXR2.py"
"$ISIVDNF.py",".py","76","2026-01-18T01:27:07.6468666-06:00","D:\$RECYCLE.BIN\S-1-5-21-741873480-958676864-519521001-1001\$ISIVDNF.py"
"$IPO7Z0W.ps1",".ps1","76","2026-01-18T01:27:08.2541465-06:00","D:\$RECYCLE.BIN\S-1-5-21-741873480-958676864-519521001-1001\$IPO7Z0W.ps1"
"$ICQ1OJ3.txt",".txt","76","2026-01-16T04:14:41.2424330-06:00","D:\$RECYCLE.BIN\S-1-5-21-741873480-958676864-519521001-1001\$ICQ1OJ3.txt"
"$ILECU0P.exe",".exe","76","2026-01-15T21:32:50.3949665-06:00","D:\$RECYCLE.BIN\S-1-5-21-741873480-958676864-519521001-1001\$ILECU0P.exe"
"$IS1Q199.md",".md","76","2026-01-23T20:53:44.1768736-06:00","D:\$RECYCLE.BIN\S-1-5-21-741873480-958676864-519521001-1001\$IS1Q199.md"
"$I1MBCUE.md",".md","74","2026-01-18T01:27:08.4101405-06:00","D:\$RECYCLE.BIN\S-1-5-21-741873480-958676864-519521001-1001\$I1MBCUE.md"
"$IZXFLM9.py",".py","74","2026-01-23T20:53:43.2948052-06:00","D:\$RECYCLE.BIN\S-1-5-21-741873480-958676864-519521001-1001\$IZXFLM9.py"
"$IORIDSU","","74","2026-01-23T20:36:37.8036009-06:00","D:\$RECYCLE.BIN\S-1-5-21-741873480-958676864-519521001-1001\$IORIDSU"
"$IOCGR9K.json",".json","74","2026-01-16T04:14:41.4049977-06:00","D:\$RECYCLE.BIN\S-1-5-21-741873480-958676864-519521001-1001\$IOCGR9K.json"
"$IAWF3DM.py",".py","72","2026-01-23T20:53:44.5970351-06:00","D:\$RECYCLE.BIN\S-1-5-21-741873480-958676864-519521001-1001\$IAWF3DM.py"
"$IOBEPQL.bat",".bat","72","2026-01-18T01:27:08.5316384-06:00","D:\$RECYCLE.BIN\S-1-5-21-741873480-958676864-519521001-1001\$IOBEPQL.bat"
"$IX97ERO.run",".run","72","2026-01-17T01:31:14.1697227-06:00","D:\$RECYCLE.BIN\S-1-5-21-741873480-958676864-519521001-1001\$IX97ERO.run"
"$IPGQ805.sh",".sh","72","2026-01-15T14:32:40.4586790-06:00","D:\$RECYCLE.BIN\S-1-5-21-741873480-958676864-519521001-1001\$IPGQ805.sh"
"$IS27P8Y","","72","2026-01-18T01:28:05.7476159-06:00","D:\$RECYCLE.BIN\S-1-5-21-741873480-958676864-519521001-1001\$IS27P8Y"
"$IS0T37X.ps1",".ps1","72","2026-01-17T01:31:14.3218027-06:00","D:\$RECYCLE.BIN\S-1-5-21-741873480-958676864-519521001-1001\$IS0T37X.ps1"
"$IQTYUDP.exe",".exe","72","2026-01-18T09:17:42.8646610-06:00","D:\$RECYCLE.BIN\S-1-5-21-741873480-958676864-519521001-1001\$IQTYUDP.exe"
"$I7GU0NB.sh",".sh","70","2026-01-15T14:32:42.4151863-06:00","D:\$RECYCLE.BIN\S-1-5-21-741873480-958676864-519521001-1001\$I7GU0NB.sh"
"$IWV8ECR.toml",".toml","70","2026-01-24T00:39:30.2421502-06:00","D:\$RECYCLE.BIN\S-1-5-21-741873480-958676864-519521001-1001\$IWV8ECR.toml"
"$IOLP67X","","70","2026-01-23T20:36:33.7045494-06:00","D:\$RECYCLE.BIN\S-1-5-21-741873480-958676864-519521001-1001\$IOLP67X"
"$IRI2EWB","","68","2026-01-18T01:27:57.0609889-06:00","D:\$RECYCLE.BIN\S-1-5-21-741873480-958676864-519521001-1001\$IRI2EWB"
"$IAHL8K6.ps1",".ps1","68","2026-01-18T01:27:08.1523090-06:00","D:\$RECYCLE.BIN\S-1-5-21-741873480-958676864-519521001-1001\$IAHL8K6.ps1"
"$IOUZOGS.md",".md","68","2026-01-24T00:39:31.3121259-06:00","D:\$RECYCLE.BIN\S-1-5-21-741873480-958676864-519521001-1001\$IOUZOGS.md"
"$IBT4IDE.bat",".bat","66","2026-01-18T01:27:07.9042374-06:00","D:\$RECYCLE.BIN\S-1-5-21-741873480-958676864-519521001-1001\$IBT4IDE.bat"
"$I3HFQFV.txt",".txt","64","2026-01-18T01:27:08.4744427-06:00","D:\$RECYCLE.BIN\S-1-5-21-741873480-958676864-519521001-1001\$I3HFQFV.txt"
"$IP39BVZ.exe",".exe","64","2026-01-15T21:32:50.9142564-06:00","D:\$RECYCLE.BIN\S-1-5-21-741873480-958676864-519521001-1001\$IP39BVZ.exe"
"$IOFJGVH","","64","2026-01-18T09:17:42.8272724-06:00","D:\$RECYCLE.BIN\S-1-5-21-741873480-958676864-519521001-1001\$IOFJGVH"
"$I51MSX0.txt",".txt","62","2026-01-23T20:53:43.7175325-06:00","D:\$RECYCLE.BIN\S-1-5-21-741873480-958676864-519521001-1001\$I51MSX0.txt"
"$IUD4ZPJ.bat",".bat","60","2026-01-18T01:27:08.0872272-06:00","D:\$RECYCLE.BIN\S-1-5-21-741873480-958676864-519521001-1001\$IUD4ZPJ.bat"
"$IZQ74FN.bat",".bat","60","2026-01-18T01:27:08.5977026-06:00","D:\$RECYCLE.BIN\S-1-5-21-741873480-958676864-519521001-1001\$IZQ74FN.bat"
"$I7NELFE.sh",".sh","60","2026-01-15T14:32:41.5386542-06:00","D:\$RECYCLE.BIN\S-1-5-21-741873480-958676864-519521001-1001\$I7NELFE.sh"
"$IKY1RDD","","60","2026-01-14T21:00:04.2561863-06:00","D:\$RECYCLE.BIN\S-1-5-21-741873480-958676864-519521001-1001\$IKY1RDD"
"$IBTJ3HX.zip",".zip","58","2026-01-16T04:14:41.6543488-06:00","D:\$RECYCLE.BIN\S-1-5-21-741873480-958676864-519521001-1001\$IBTJ3HX.zip"
"$IWSCGBN.carbon",".carbon","58","2026-01-16T04:14:41.2954829-06:00","D:\$RECYCLE.BIN\S-1-5-21-741873480-958676864-519521001-1001\$IWSCGBN.carbon"
"$IELBSYV.exe",".exe","54","2026-01-15T21:32:51.0007606-06:00","D:\$RECYCLE.BIN\S-1-5-21-741873480-958676864-519521001-1001\$IELBSYV.exe"
"$IJFHUZJ.md",".md","52","2026-01-23T20:53:44.1258746-06:00","D:\$RECYCLE.BIN\S-1-5-21-741873480-958676864-519521001-1001\$IJFHUZJ.md"
"$IS3DYYG.gemini",".gemini","50","2026-01-18T01:28:56.6689139-06:00","D:\$RECYCLE.BIN\S-1-5-21-741873480-958676864-519521001-1001\$IS3DYYG.gemini"
"$ITJMIL7.cursor",".cursor","50","2026-01-23T11:28:59.4436899-06:00","D:\$RECYCLE.BIN\S-1-5-21-741873480-958676864-519521001-1001\$ITJMIL7.cursor"
"$IKLVDIZ.cursor",".cursor","50","2026-01-18T01:28:54.8616582-06:00","D:\$RECYCLE.BIN\S-1-5-21-741873480-958676864-519521001-1001\$IKLVDIZ.cursor"
"$ROCGR9K.json",".json","48","2026-01-15T09:46:46.7509863-06:00","D:\$RECYCLE.BIN\S-1-5-21-741873480-958676864-519521001-1001\$ROCGR9K.json"
"$ITW41RP.o",".o","48","2026-01-16T04:14:41.3561047-06:00","D:\$RECYCLE.BIN\S-1-5-21-741873480-958676864-519521001-1001\$ITW41RP.o"
"$IQ71DIS.agent",".agent","48","2026-01-18T01:28:40.4008188-06:00","D:\$RECYCLE.BIN\S-1-5-21-741873480-958676864-519521001-1001\$IQ71DIS.agent"
"$I05JS0E","","48","2026-01-18T01:27:33.9034738-06:00","D:\$RECYCLE.BIN\S-1-5-21-741873480-958676864-519521001-1001\$I05JS0E"
"$IHK66N7.zip",".zip","48","2026-01-17T01:31:13.8252138-06:00","D:\$RECYCLE.BIN\S-1-5-21-741873480-958676864-519521001-1001\$IHK66N7.zip"
"$IW6ZRXR","","44","2026-01-16T04:14:40.8769255-06:00","D:\$RECYCLE.BIN\S-1-5-21-741873480-958676864-519521001-1001\$IW6ZRXR"
"$IO5GP9M","","44","2026-01-18T09:17:55.2543219-06:00","D:\$RECYCLE.BIN\S-1-5-21-741873480-958676864-519521001-1001\$IO5GP9M"
"$RLECU0P.exe",".exe","24","2026-01-15T17:15:15.5045407-06:00","D:\$RECYCLE.BIN\S-1-5-21-741873480-958676864-519521001-1001\$RLECU0P.exe"
"$RP39BVZ.exe",".exe","24","2026-01-15T17:15:21.3852813-06:00","D:\$RECYCLE.BIN\S-1-5-21-741873480-958676864-519521001-1001\$RP39BVZ.exe"
"$R51MSX0.txt",".txt","20","2026-01-23T19:41:16.1738363-06:00","D:\$RECYCLE.BIN\S-1-5-21-741873480-958676864-519521001-1001\$R51MSX0.txt"
"$RCQ1OJ3.txt",".txt","6","2026-01-15T16:21:51.0326704-06:00","D:\$RECYCLE.BIN\S-1-5-21-741873480-958676864-519521001-1001\$RCQ1OJ3.txt"
"$RW7CXC0.ps1",".ps1","0","2026-01-15T23:19:01.9991486-06:00","D:\$RECYCLE.BIN\S-1-5-21-741873480-958676864-519521001-1001\$RW7CXC0.ps1"
"$RGSKR7Z.ps1",".ps1","0","2026-01-15T22:51:40.5226828-06:00","D:\$RECYCLE.BIN\S-1-5-21-741873480-958676864-519521001-1001\$RGSKR7Z.ps1"
"$RRIFWJ0.json",".json","0","2026-01-23T11:39:49.8000045-06:00","D:\$RECYCLE.BIN\S-1-5-21-741873480-958676864-519521001-1001\$RRIFWJ0.json"
